-- phpMyAdmin SQL Dump
-- version 5.2.0
-- https://www.phpmyadmin.net/
--
-- Host: 127.0.0.1:3306
-- Generation Time: Oct 07, 2023 at 07:13 AM
-- Server version: 10.10.2-MariaDB
-- PHP Version: 8.1.13

SET SQL_MODE = "NO_AUTO_VALUE_ON_ZERO";
START TRANSACTION;
SET time_zone = "+00:00";


/*!40101 SET @OLD_CHARACTER_SET_CLIENT=@@CHARACTER_SET_CLIENT */;
/*!40101 SET @OLD_CHARACTER_SET_RESULTS=@@CHARACTER_SET_RESULTS */;
/*!40101 SET @OLD_COLLATION_CONNECTION=@@COLLATION_CONNECTION */;
/*!40101 SET NAMES utf8mb4 */;

--
-- Database: `pos`
--

-- --------------------------------------------------------

--
-- Table structure for table `companies`
--

DROP TABLE IF EXISTS `companies`;
CREATE TABLE IF NOT EXISTS `companies` (
  `id` int(11) NOT NULL AUTO_INCREMENT,
  `company_name` varchar(100) NOT NULL,
  `company_icon` varchar(100) DEFAULT NULL COMMENT '1=Vendor ;\r\n2 = Customer',
  `created_at` timestamp NOT NULL DEFAULT current_timestamp(),
  `created_by` int(11) NOT NULL,
  `updated_at` timestamp NOT NULL DEFAULT current_timestamp() ON UPDATE current_timestamp(),
  `updated_by` int(11) DEFAULT NULL,
  PRIMARY KEY (`id`)
) ENGINE=InnoDB AUTO_INCREMENT=67 DEFAULT CHARSET=utf8mb4 COLLATE=utf8mb4_general_ci;

--
-- Dumping data for table `companies`
--

INSERT INTO `companies` (`id`, `company_name`, `company_icon`, `created_at`, `created_by`, `updated_at`, `updated_by`) VALUES
(3, 'UREA', '', '2023-04-15 04:21:06', 1, '2023-04-15 04:21:06', NULL),
(4, 'DAP', NULL, '2023-04-15 04:21:24', 1, '2023-05-17 00:06:43', NULL),
(5, 'CAN', '', '2023-04-15 04:21:48', 1, '2023-04-15 04:21:48', NULL),
(6, 'NP', '', '2023-04-15 04:21:54', 1, '2023-04-15 04:21:54', NULL),
(7, 'SSP', '', '2023-04-15 04:22:07', 1, '2023-04-15 04:22:07', NULL),
(8, 'ZARKHAIZ', '', '2023-04-15 04:22:29', 1, '2023-04-15 04:22:29', NULL),
(9, 'SOP', '', '2023-04-15 04:22:35', 1, '2023-04-15 04:22:35', NULL),
(10, 'JEPSAM', '', '2023-04-15 04:22:53', 1, '2023-04-15 04:22:53', NULL),
(11, 'SMALL UREA 25KG', '', '2023-04-15 04:24:01', 1, '2023-04-15 04:24:01', NULL),
(12, 'MOP', '', '2023-04-15 04:27:06', 1, '2023-04-15 04:27:06', NULL),
(13, 'SUGAR', '', '2023-04-15 04:28:11', 1, '2023-04-15 04:28:11', NULL),
(14, 'SEED', '', '2023-04-15 04:30:46', 1, '2023-04-15 04:30:46', NULL),
(15, 'VANDA', '', '2023-04-15 04:31:06', 1, '2023-04-15 04:31:06', NULL),
(16, 'BAKHTAWAR GHEE', '', '2023-04-15 04:38:03', 1, '2023-04-15 04:38:03', NULL),
(17, 'HOOR GHEE', '', '2023-04-15 04:38:19', 1, '2023-04-15 04:38:19', NULL),
(18, 'SULTAN GHEE', '', '2023-04-15 04:38:31', 1, '2023-04-15 04:38:31', NULL),
(19, 'PRIVATE GHEE', '', '2023-04-15 04:38:52', 1, '2023-04-15 04:38:52', NULL),
(21, 'CIGRATE', '', '2023-04-15 04:39:29', 1, '2023-04-15 04:39:29', NULL),
(22, 'RICE', '', '2023-04-15 04:39:44', 1, '2023-04-15 04:39:44', NULL),
(23, 'DAAL', '', '2023-04-15 04:39:54', 1, '2023-04-15 04:39:54', NULL),
(24, 'NESHATA', '', '2023-04-15 04:40:13', 1, '2023-04-15 04:40:13', NULL),
(25, 'SUJI', '', '2023-04-15 04:40:49', 1, '2023-04-15 04:40:49', NULL),
(26, 'MAIDA', '', '2023-04-15 04:40:57', 1, '2023-04-15 04:40:57', NULL),
(27, 'CHOKAR', '', '2023-04-15 04:41:06', 1, '2023-04-15 04:41:06', NULL),
(28, 'KHAL', '', '2023-04-15 04:41:39', 1, '2023-04-15 04:41:39', NULL),
(29, 'FEED', '', '2023-04-15 04:41:46', 1, '2023-04-15 04:41:46', NULL),
(30, 'SHARBAT', NULL, '2023-04-16 01:18:10', 1, '2023-05-17 00:10:08', NULL),
(31, 'SEWAYA', NULL, '2023-04-16 01:18:51', 1, '2023-05-17 00:10:29', NULL),
(32, 'SOAPS', NULL, '2023-04-16 01:19:08', 1, '2023-05-19 05:28:57', NULL),
(33, 'TEA', '', '2023-04-16 01:20:56', 1, '2023-04-16 01:20:56', NULL),
(34, 'HERO SURF', '', '2023-04-16 01:21:12', 1, '2023-04-16 01:21:12', NULL),
(35, 'ZINC', '', '2023-04-16 01:21:56', 1, '2023-04-16 01:21:56', NULL),
(36, 'PESTISIDE', '', '2023-04-16 01:22:09', 1, '2023-04-16 01:22:09', NULL),
(37, 'JUICES', '', '2023-04-16 01:22:28', 1, '2023-04-16 01:22:28', NULL),
(38, 'MATCHES', '', '2023-04-16 01:22:46', 1, '2023-04-16 01:22:46', NULL),
(39, 'GANDUM SEED', '', '2023-04-16 01:23:25', 1, '2023-04-16 01:23:25', NULL),
(40, 'COTTON SEED', '', '2023-04-16 01:23:36', 1, '2023-04-16 01:23:36', NULL),
(41, 'DHAAN SEED', '', '2023-04-16 01:24:07', 1, '2023-04-16 01:24:07', NULL),
(42, 'DAP 25KG', '', '2023-04-16 01:26:28', 1, '2023-04-16 01:26:28', NULL),
(43, 'KHAJOOR', '', '2023-04-16 01:27:09', 1, '2023-04-16 01:27:09', NULL),
(44, 'BARDANA', '', '2023-04-16 01:27:21', 1, '2023-04-16 01:27:21', NULL),
(45, 'COMMANDAR COMPANY', '', '2023-04-16 01:30:23', 1, '2023-04-16 01:30:23', NULL),
(46, 'UNILEVER', '', '2023-05-04 16:19:11', 1, '2023-05-04 16:19:11', NULL),
(47, 'P&G', '', '2023-05-04 16:19:21', 1, '2023-05-04 16:19:21', NULL),
(48, 'CP', NULL, '2023-05-04 16:19:28', 1, '2023-06-10 11:54:35', NULL),
(49, 'FFC', '', '2023-05-14 12:36:07', 1, '2023-05-14 12:36:07', NULL),
(58, 'DETTOL', '', '2023-05-19 05:30:08', 1, '2023-05-19 05:30:08', NULL),
(60, 'SUN FLOWER', '', '2023-05-21 06:25:41', 1, '2023-05-21 06:25:41', NULL),
(61, 'SHAPAR', '', '2023-05-21 06:49:31', 1, '2023-05-21 06:49:31', NULL),
(62, 'TIBET COMPANY', '', '2023-05-25 07:37:04', 1, '2023-05-25 07:37:04', NULL),
(63, 'NATIONAL FOODS', NULL, '2023-06-01 19:06:54', 1, '2023-06-01 21:27:55', NULL),
(64, 'POWER PLUS', NULL, '2023-06-01 21:28:14', 1, '2023-06-05 17:55:02', NULL),
(65, 'GSK+TIGER', '', '2023-06-10 11:35:51', 1, '2023-06-10 11:35:51', NULL),
(66, 'KING TOX', '', '2023-06-10 11:51:57', 1, '2023-06-10 11:51:57', NULL);

-- --------------------------------------------------------

--
-- Table structure for table `customers`
--

DROP TABLE IF EXISTS `customers`;
CREATE TABLE IF NOT EXISTS `customers` (
  `id` int(11) NOT NULL AUTO_INCREMENT,
  `customer_name` varchar(100) NOT NULL,
  `whatsapp_no` varchar(100) DEFAULT NULL,
  `cnic_no` varchar(100) DEFAULT NULL,
  `address` text DEFAULT NULL,
  `phone_no` varchar(100) DEFAULT NULL,
  `customer_type` int(11) NOT NULL COMMENT '1=Vendor ;\r\n2 = Customer',
  `balance` double DEFAULT 0,
  `created_at` timestamp NOT NULL DEFAULT current_timestamp(),
  `created_by` int(11) NOT NULL,
  `updated_at` timestamp NOT NULL DEFAULT current_timestamp() ON UPDATE current_timestamp(),
  `updated_by` int(11) DEFAULT NULL,
  PRIMARY KEY (`id`)
) ENGINE=InnoDB AUTO_INCREMENT=154 DEFAULT CHARSET=utf8mb4 COLLATE=utf8mb4_general_ci;

--
-- Dumping data for table `customers`
--

INSERT INTO `customers` (`id`, `customer_name`, `whatsapp_no`, `cnic_no`, `address`, `phone_no`, `customer_type`, `balance`, `created_at`, `created_by`, `updated_at`, `updated_by`) VALUES
(7, 'Net Purchase', '`', NULL, NULL, NULL, 1, 12500, '2023-05-08 19:43:37', 0, '2023-10-01 05:40:48', NULL),
(8, 'Counter Sale', NULL, NULL, NULL, NULL, 2, 0, '2023-05-08 19:43:37', 0, '2023-08-02 07:39:53', NULL),
(9, 'ENGRO FERTILIZAR', NULL, NULL, NULL, NULL, 1, 775925, '2023-04-15 04:52:24', 1, '2023-10-05 20:42:03', NULL),
(10, 'SAIM ALI', NULL, NULL, NULL, '03326873232', 2, -9000, '2023-04-15 05:05:18', 1, '2023-09-10 07:48:01', NULL),
(11, 'SULTAN GHEE', NULL, NULL, NULL, NULL, 1, 55770, '2023-04-16 01:50:15', 1, '2023-10-05 19:58:58', NULL),
(12, 'HOOR GHEE', NULL, NULL, NULL, NULL, 1, 9280, '2023-04-16 01:50:28', 1, '2023-10-01 07:24:54', NULL),
(13, 'BAKHTAWAR GHEE', NULL, NULL, NULL, NULL, 1, 1660, '2023-04-16 01:50:43', 1, '2023-10-04 19:41:11', NULL),
(14, 'PRIVATE GHEE', NULL, NULL, NULL, NULL, 1, 0, '2023-04-16 01:50:55', 1, '2023-07-11 09:24:00', NULL),
(15, 'SUGAR', NULL, NULL, NULL, NULL, 1, 0, '2023-04-16 01:51:15', 1, '2023-04-16 01:51:15', NULL),
(16, 'VITAL TEA', NULL, NULL, NULL, NULL, 1, 0, '2023-04-16 01:51:35', 1, '2023-04-16 01:51:35', NULL),
(17, 'FFC FERTILIZER', NULL, NULL, NULL, NULL, 1, 0, '2023-04-16 01:51:51', 1, '2023-07-01 06:00:42', NULL),
(18, 'FATIMA FERTILIZAR', NULL, NULL, NULL, NULL, 1, 830, '2023-04-16 01:52:34', 1, '2023-10-04 19:06:01', NULL),
(19, 'SAWAT AGRO CHEMICALS', NULL, NULL, NULL, NULL, 1, 0, '2023-04-16 01:53:26', 1, '2023-04-16 01:53:26', NULL),
(20, 'WELCON CHEMICALS', NULL, NULL, NULL, NULL, 1, 0, '2023-04-16 01:53:46', 1, '2023-04-16 01:53:46', NULL),
(21, 'AGRO LIX', NULL, NULL, NULL, NULL, 1, 0, '2023-04-16 01:59:40', 1, '2023-04-16 01:59:40', NULL),
(22, 'KANZO AG', NULL, NULL, NULL, NULL, 1, 3760, '2023-04-16 01:59:50', 1, '2023-10-04 20:37:30', NULL),
(23, 'LEADR AG', NULL, NULL, NULL, NULL, 1, 0, '2023-04-16 02:00:06', 1, '2023-04-16 02:00:06', NULL),
(24, 'ARYSTA', NULL, NULL, NULL, NULL, 1, 0, '2023-04-16 02:00:39', 1, '2023-04-16 02:00:39', NULL),
(25, 'BAYER', NULL, NULL, NULL, NULL, 1, 0, '2023-04-16 02:02:21', 1, '2023-04-16 02:02:21', NULL),
(26, 'FMC', NULL, NULL, NULL, NULL, 1, 0, '2023-04-16 02:02:32', 1, '2023-04-16 02:02:32', NULL),
(27, 'AGRO MARK', NULL, NULL, NULL, NULL, 1, 0, '2023-04-16 02:02:52', 1, '2023-04-16 02:02:52', NULL),
(28, 'SEED CORPORATION', NULL, NULL, NULL, NULL, 1, 0, '2023-04-16 02:04:15', 1, '2023-04-16 02:04:15', NULL),
(29, 'ADVANCE AGROTEACH', NULL, NULL, NULL, NULL, 1, 0, '2023-04-16 02:04:41', 1, '2023-04-16 02:04:41', NULL),
(30, 'WAQAS TRADERS MULTAN', NULL, NULL, NULL, NULL, 1, 0, '2023-04-16 02:06:04', 1, '2023-04-16 02:06:04', NULL),
(31, 'RICE KHATA', NULL, NULL, NULL, NULL, 1, 0, '2023-04-16 02:06:19', 1, '2023-04-16 02:06:19', NULL),
(32, 'STORE MAIN GODAM', NULL, NULL, NULL, NULL, 1, 0, '2023-04-16 02:06:46', 1, '2023-04-16 02:06:46', NULL),
(33, 'ABDUL SHAKOOR & CO KA', NULL, NULL, NULL, NULL, 1, 0, '2023-04-16 02:07:12', 1, '2023-07-11 09:24:00', NULL),
(34, 'WELCON CENTER KA', NULL, NULL, NULL, NULL, 1, 0, '2023-04-16 02:07:33', 1, '2023-07-11 09:24:00', NULL),
(35, 'ABDULLAH FLOOR MILLS', NULL, NULL, NULL, NULL, 1, 0, '2023-04-16 02:08:06', 1, '2023-04-16 02:08:06', NULL),
(36, 'ICI VANDA', NULL, NULL, NULL, NULL, 1, 0, '2023-04-16 02:08:22', 1, '2023-04-16 02:08:22', NULL),
(37, 'HERO COMPANY', NULL, NULL, NULL, NULL, 1, 0, '2023-04-16 02:09:18', 1, '2023-04-16 02:09:18', NULL),
(38, 'COMANDAR COMPANY', NULL, NULL, NULL, NULL, 1, 0, '2023-04-16 02:09:38', 1, '2023-04-16 02:09:38', NULL),
(39, 'CIGRATE', NULL, NULL, NULL, NULL, 1, 0, '2023-04-16 02:10:01', 1, '2023-04-16 02:10:01', NULL),
(40, 'DAAL KHATA', NULL, NULL, NULL, NULL, 1, 0, '2023-04-16 02:10:37', 1, '2023-04-16 02:10:37', NULL),
(41, 'CHOKAR KHATA', NULL, NULL, NULL, NULL, 1, 0, '2023-04-16 02:10:50', 1, '2023-04-16 02:10:50', NULL),
(42, 'GHAZANFAR EASYPAISA', NULL, NULL, NULL, '0313-687-3232', 2, -7000, '2023-04-16 12:38:10', 1, '2023-10-04 21:57:51', NULL),
(43, 'MUZAFAR EASYPAISA', NULL, NULL, NULL, '0333-836-0637', 2, 3200, '2023-04-16 13:04:13', 1, '2023-10-05 20:34:53', NULL),
(44, 'MUZAFAR ABBAS JAZZ CASH', NULL, NULL, NULL, '0315-6009513', 2, -4000, '2023-04-16 13:04:29', 1, '2023-09-10 07:48:01', NULL),
(45, 'GHAZANFAR ABBAS JAZZ CASH', NULL, NULL, NULL, '0300-800-4803', 2, 0, '2023-04-16 13:04:46', 1, '2023-05-28 20:37:52', NULL),
(46, 'GHAZANFAR ABBAS MCB', NULL, NULL, NULL, '0490-1439966811013333', 2, 0, '2023-04-16 13:05:03', 1, '2023-06-12 21:08:22', NULL),
(47, 'KOT ADDU SHOP', '123456', '32323-2323223-2', 'kotadu', '0312-600-1885', 2, 0, '2023-04-16 13:05:37', 1, '2023-06-05 18:07:34', NULL),
(48, 'FAZLUL QADIR KA', NULL, NULL, NULL, '0334-693-8477', 2, -400, '2023-04-16 13:06:19', 1, '2023-09-10 06:16:35', NULL),
(49, 'SHAFEEQ KARYANA KA', NULL, NULL, NULL, '0333-600-9212', 2, 0, '2023-04-16 13:06:39', 1, '2023-05-28 20:40:13', NULL),
(50, 'SYED AMIR SHAH KA', NULL, NULL, NULL, '0340-277-0738', 2, 0, '2023-04-16 13:06:53', 1, '2023-06-12 21:08:22', NULL),
(51, 'SAIFULLAH KARYANA KA', NULL, NULL, NULL, '0300-375-2455', 2, -85, '2023-04-16 13:07:06', 1, '2023-09-10 06:13:15', NULL),
(52, 'HAJI INAAM KAREEM KA', NULL, NULL, NULL, '0311-853-9998', 2, -80, '2023-04-16 13:07:27', 1, '2023-09-09 05:39:07', NULL),
(53, 'MIAN M SHOIAB SULTAN NIAZI', NULL, NULL, NULL, '0333-600-8534', 2, 0, '2023-04-16 13:07:51', 1, '2023-05-28 20:42:40', NULL),
(54, 'JAMSHAID KARYANA PATAL BASTI', NULL, NULL, NULL, '0343-758-0924', 2, 0, '2023-04-16 13:08:19', 1, '2023-06-12 21:08:22', NULL),
(55, 'RAMZAN MOR PATAL BASTI', NULL, NULL, NULL, NULL, 2, 0, '2023-04-16 13:08:33', 1, '2023-07-11 09:24:00', NULL),
(56, 'CH KHALID NADEEM', NULL, NULL, NULL, '0336-600-9684', 2, 0, '2023-04-16 13:08:46', 1, '2023-07-01 06:00:42', NULL),
(57, 'AMJAD BALOUCH', NULL, NULL, NULL, '0333-600-4486', 2, 0, '2023-04-16 13:08:58', 1, '2023-07-11 09:24:00', NULL),
(58, 'MALIK MAQSOOQ RID', NULL, NULL, NULL, '0345-700-7390', 2, 0, '2023-04-16 13:09:16', 1, '2023-07-01 06:00:42', NULL),
(59, 'MALIK HANEEF RID', NULL, NULL, NULL, '0346-7887494', 2, 0, '2023-04-16 13:09:27', 1, '2023-07-01 06:00:42', NULL),
(60, 'MALIK ABID RID TM', NULL, NULL, NULL, '0344-700-3585', 2, 0, '2023-04-16 13:09:45', 1, '2023-05-28 20:47:39', NULL),
(61, 'WAHEED  IQBAL TRADERS TM', NULL, NULL, NULL, '0333-300-2222', 2, 0, '2023-04-16 13:10:43', 1, '2023-07-11 09:24:00', NULL),
(62, 'SALEEM KARYANA TM', NULL, NULL, NULL, '0332-600-2229', 2, 0, '2023-04-16 13:11:24', 1, '2023-07-11 09:24:00', NULL),
(63, 'ASLAM DULU TM', NULL, NULL, NULL, '0343-188-1750', 2, 0, '2023-04-16 13:11:38', 1, '2023-05-28 20:49:31', NULL),
(64, 'KHAN KARYANA TM', NULL, NULL, NULL, '0349-212-5788', 2, -2000, '2023-04-16 13:11:55', 1, '2023-09-10 07:48:01', NULL),
(65, 'LAGHARI KARYANA TM', NULL, NULL, NULL, '0343-075-7135', 2, 0, '2023-04-16 13:12:11', 1, '2023-05-28 20:51:04', NULL),
(66, 'MEER WALI KARYANA TM', NULL, NULL, NULL, '0333-600-6087', 2, 0, '2023-04-16 13:12:24', 1, '2023-05-28 20:51:39', NULL),
(67, 'SAJJAD KARYANA TM', NULL, NULL, NULL, '0334-703-9015', 2, 0, '2023-04-16 13:12:42', 1, '2023-05-28 20:52:14', NULL),
(68, 'TARIQ JAMEEL TM', NULL, NULL, NULL, '0345-716-6552', 2, 0, '2023-04-16 13:12:54', 1, '2023-07-01 06:00:42', NULL),
(69, 'AFRIDI KARYANA TM', NULL, NULL, NULL, '0345-186-2927', 2, 0, '2023-04-16 13:13:06', 1, '2023-07-01 06:00:42', NULL),
(70, 'BISMILLAH KARYANA TM', NULL, NULL, NULL, '0317-658-2941', 2, 0, '2023-04-16 13:13:26', 1, '2023-05-28 20:55:00', NULL),
(71, 'AKBAR KARYANA SANDEELA CHOWK', NULL, NULL, NULL, '0349-362-2429', 2, 0, '2023-04-16 13:13:57', 1, '2023-05-28 20:55:49', NULL),
(72, 'ADNAN KARYANA TM', NULL, NULL, NULL, '0342-600-8859', 2, 0, '2023-04-16 13:14:14', 1, '2023-05-28 20:54:25', NULL),
(73, 'KALEEMULLAH KARYANA TM', NULL, NULL, NULL, '0333-649-7781', 2, 0, '2023-04-16 13:14:41', 1, '2023-05-28 20:56:25', NULL),
(74, 'DRWESH KARYANA TM', NULL, NULL, NULL, '0348-600-9450', 2, 0, '2023-04-16 13:14:55', 1, '2023-05-28 20:57:33', NULL),
(75, 'MAZHAR KARYANA TM', NULL, NULL, NULL, '0344-185-2323', 2, 0, '2023-04-16 13:15:06', 1, '2023-05-28 20:58:07', NULL),
(76, 'AFTAB KARYANA TM', NULL, NULL, NULL, '0345-881-7750', 2, 0, '2023-04-16 13:15:20', 1, '2023-05-28 20:59:03', NULL),
(77, 'IMRAN BHUTTA TM', NULL, NULL, NULL, '0344-798-5762', 2, 0, '2023-04-16 13:15:31', 1, '2023-05-28 20:59:49', NULL),
(78, 'CH SWEET HOUSE TM', NULL, NULL, NULL, NULL, 2, 0, '2023-04-16 13:15:51', 1, '2023-04-16 13:15:51', NULL),
(79, 'HAJI ASHIQ ALI TM', NULL, NULL, NULL, NULL, 2, 0, '2023-04-16 13:16:06', 1, '2023-04-16 13:16:06', NULL),
(80, 'ABDUL  HAFEEZ HALWAIE TM', NULL, NULL, NULL, NULL, 2, 0, '2023-04-16 13:16:20', 1, '2023-04-16 13:16:20', NULL),
(81, 'IBRAHEEM HALWAIE TM', NULL, NULL, NULL, NULL, 2, 0, '2023-04-16 13:16:33', 1, '2023-07-01 06:00:42', NULL),
(82, 'ISMAIL HALWAIE TM', NULL, NULL, NULL, NULL, 2, 0, '2023-04-16 13:16:49', 1, '2023-07-01 06:00:42', NULL),
(83, 'MASTER GHULAM FAREED KHERA', NULL, NULL, NULL, NULL, 2, 0, '2023-04-16 13:17:07', 1, '2023-04-16 13:17:07', NULL),
(84, 'YAMEEN KHERA', NULL, NULL, NULL, NULL, 2, 0, '2023-04-16 13:17:18', 1, '2023-04-16 13:17:18', NULL),
(85, 'NOOR MUHAMMAD KHERA', NULL, NULL, NULL, NULL, 2, 0, '2023-04-16 13:17:33', 1, '2023-04-16 13:17:33', NULL),
(86, 'IMRAN GUT KARYANA', NULL, NULL, NULL, NULL, 2, 0, '2023-04-16 13:17:44', 1, '2023-04-16 13:17:44', NULL),
(87, 'AFTAB BAROCHA BYPASS', NULL, NULL, NULL, NULL, 2, 0, '2023-04-16 13:18:03', 1, '2023-04-16 13:18:03', NULL),
(88, 'MUREED HUSSAIN SANGHI', NULL, NULL, NULL, NULL, 2, -500, '2023-04-16 13:18:23', 1, '2023-09-10 06:16:35', NULL),
(89, 'HAJI YASEEN JOIYA', NULL, NULL, NULL, NULL, 2, 0, '2023-04-16 13:18:36', 1, '2023-06-12 21:08:22', NULL),
(90, 'MALIK YASEEN THATAL TM', NULL, NULL, NULL, NULL, 2, 0, '2023-04-16 13:18:47', 1, '2023-04-16 13:18:47', NULL),
(91, 'MALIK SADEEQ AWAN TM', NULL, NULL, NULL, NULL, 2, 0, '2023-04-16 13:19:07', 1, '2023-04-16 13:19:07', NULL),
(92, 'YASEEN BAROCHA', NULL, NULL, NULL, NULL, 2, 0, '2023-04-16 13:19:38', 1, '2023-04-16 13:19:38', NULL),
(93, 'ALI BAROCHA', NULL, NULL, NULL, NULL, 2, 0, '2023-04-16 13:19:54', 1, '2023-06-12 21:08:22', NULL),
(94, 'YOUNIS THATAL', NULL, NULL, NULL, NULL, 2, 0, '2023-04-16 13:20:11', 1, '2023-04-16 13:20:11', NULL),
(95, 'HANEEF THATAL', NULL, NULL, NULL, NULL, 2, 0, '2023-04-16 13:20:23', 1, '2023-07-01 06:00:42', NULL),
(96, 'MULTAN DASTI KHATA', NULL, NULL, NULL, NULL, 2, 0, '2023-04-16 13:20:44', 1, '2023-04-16 13:20:44', NULL),
(97, 'DUKAN KHARCHA', NULL, NULL, NULL, NULL, 2, 0, '2023-04-16 13:21:01', 1, '2023-04-16 13:21:01', NULL),
(98, 'MUNSHI PEER ALLAH DETA', NULL, NULL, NULL, NULL, 2, -24500, '2023-04-16 13:21:24', 1, '2023-07-12 09:09:52', NULL),
(99, 'MIRZA GEE', NULL, NULL, NULL, NULL, 2, 0, '2023-04-16 13:21:41', 1, '2023-04-16 13:21:41', NULL),
(100, 'MOLVI MUNEER CHANAR', NULL, NULL, NULL, NULL, 2, 0, '2023-04-16 13:22:09', 1, '2023-07-12 09:16:07', NULL),
(101, 'MALIK MAAZ CHANAR', NULL, NULL, NULL, NULL, 2, 0, '2023-04-16 13:22:22', 1, '2023-04-16 13:22:22', NULL),
(102, 'IRSHAD GADI', NULL, NULL, NULL, NULL, 2, 0, '2023-04-16 13:22:34', 1, '2023-07-01 06:00:42', NULL),
(103, 'RIAZ GADI', NULL, NULL, NULL, NULL, 2, 0, '2023-04-16 13:22:43', 1, '2023-04-16 13:22:43', NULL),
(104, 'SUBHAN GADI', NULL, NULL, NULL, NULL, 2, 0, '2023-04-16 13:22:53', 1, '2023-04-16 13:22:53', NULL),
(105, 'ILYAS BAKHTAWAR', NULL, NULL, NULL, NULL, 2, 0, '2023-04-16 13:23:28', 1, '2023-04-16 13:23:28', NULL),
(106, 'ABDUL RAZZAQ GHAR', NULL, NULL, NULL, NULL, 2, 0, '2023-04-16 13:23:58', 1, '2023-05-04 16:12:19', NULL),
(107, 'ABDUL GHAFFAR GHAR', NULL, NULL, NULL, NULL, 2, 0, '2023-04-16 13:24:18', 1, '2023-05-04 16:12:44', NULL),
(108, 'ABDUL WAHAB GHAR', NULL, NULL, NULL, NULL, 2, 0, '2023-04-16 13:24:51', 1, '2023-05-04 16:12:57', NULL),
(109, 'ABDUL ROUF GHAR', NULL, NULL, NULL, NULL, 2, 0, '2023-04-16 13:25:06', 1, '2023-05-04 16:13:09', NULL),
(110, 'ABDUL SHAKOOR GHAR', NULL, NULL, NULL, NULL, 2, 0, '2023-04-16 13:25:20', 1, '2023-05-04 16:13:21', NULL),
(111, 'GHAZANFAR ABBAS GHAR KHRCHA', NULL, NULL, NULL, NULL, 2, 0, '2023-04-16 13:25:39', 1, '2023-04-16 13:25:39', NULL),
(112, 'ABDUL WASEEY GHAR', NULL, NULL, NULL, NULL, 2, 0, '2023-04-16 13:25:53', 1, '2023-05-04 16:13:50', NULL),
(113, 'AMMAR ABDULLAH GHAR', NULL, NULL, NULL, NULL, 2, 0, '2023-04-16 13:26:13', 1, '2023-05-04 16:13:40', NULL),
(114, 'MUNSHI SALERIES', NULL, NULL, NULL, NULL, 2, 0, '2023-04-16 13:26:35', 1, '2023-04-16 13:26:35', NULL),
(115, 'THATAL DUKAN KARAYA', NULL, NULL, NULL, NULL, 2, 0, '2023-04-16 13:26:49', 1, '2023-04-16 13:26:49', NULL),
(116, 'IRSHAD DODH WALA', NULL, NULL, NULL, NULL, 2, 0, '2023-04-16 13:27:12', 1, '2023-04-16 13:27:12', NULL),
(117, 'SANAULLAH KHAN SEED KHATA', NULL, NULL, NULL, NULL, 2, 0, '2023-04-16 13:28:47', 1, '2023-04-16 13:28:47', NULL),
(118, 'SANAULLAH KHAN VANDA KHAL KHATA', NULL, NULL, NULL, NULL, 2, 0, '2023-04-16 13:29:10', 1, '2023-04-16 13:29:10', NULL),
(119, 'MUDASIR ICI', NULL, NULL, NULL, NULL, 2, 0, '2023-04-16 13:29:24', 1, '2023-04-16 13:29:24', NULL),
(120, 'ABDUL HALEEM NIAZI KA', NULL, NULL, NULL, NULL, 2, 0, '2023-04-16 13:30:59', 1, '2023-04-16 13:30:59', NULL),
(121, 'BABA GHULAM FAREED', NULL, NULL, NULL, NULL, 2, 0, '2023-04-16 13:31:53', 1, '2023-04-16 13:31:53', NULL),
(122, 'QARI M UMER TM', NULL, NULL, NULL, NULL, 2, 0, '2023-04-16 13:32:06', 1, '2023-07-01 06:00:42', NULL),
(123, 'CRICKET ACCOUNT', NULL, NULL, NULL, NULL, 2, 0, '2023-04-16 13:32:41', 1, '2023-04-16 13:32:41', NULL),
(124, 'MCB CREDIT CARD', NULL, NULL, NULL, NULL, 2, 0, '2023-04-16 13:32:57', 1, '2023-04-16 13:32:57', NULL),
(125, 'WAHID BUX GADI', NULL, NULL, NULL, NULL, 2, 0, '2023-04-16 13:33:11', 1, '2023-04-16 13:33:11', NULL),
(126, 'IMDAD KHATA', NULL, NULL, NULL, NULL, 2, 0, '2023-04-16 13:34:38', 1, '2023-04-16 13:34:38', NULL),
(128, 'USTAD FIAZULLH', NULL, NULL, NULL, NULL, 2, 0, '2023-04-17 03:06:03', 1, '2023-04-17 03:06:03', NULL),
(129, 'CHACHA SHABEER PHELWAN', NULL, NULL, NULL, NULL, 2, 0, '2023-04-17 03:08:25', 1, '2023-04-17 03:08:25', NULL),
(130, 'MALIK YASEEN RID', NULL, NULL, NULL, NULL, 2, 0, '2023-04-17 03:10:29', 1, '2023-06-12 21:08:22', NULL),
(131, 'UNILEVER', NULL, NULL, NULL, NULL, 1, 0, '2023-05-04 16:14:43', 1, '2023-05-04 16:14:43', NULL),
(132, 'P&G', NULL, NULL, NULL, NULL, 1, 0, '2023-05-04 16:15:04', 1, '2023-05-04 16:15:04', NULL),
(133, 'BRITE', NULL, NULL, NULL, NULL, 1, 0, '2023-05-04 16:15:18', 1, '2023-05-04 16:15:18', NULL),
(135, 'SSP', NULL, NULL, NULL, NULL, 1, 0, '2023-05-13 10:59:47', 1, '2023-07-01 06:00:42', NULL),
(136, 'MARYAM ZAHARA', NULL, NULL, NULL, NULL, 2, 0, '2023-05-13 11:54:42', 1, '2023-06-12 21:08:22', NULL),
(137, 'NATIONAL FOODS', NULL, NULL, NULL, NULL, 1, 305, '2023-05-28 20:31:45', 1, '2023-10-02 02:13:33', NULL),
(138, 'NFML', NULL, NULL, NULL, NULL, 1, 0, '2023-05-28 20:32:49', 1, '2023-05-28 20:32:49', NULL),
(139, 'POWER PLUS', NULL, NULL, NULL, NULL, 1, 0, '2023-06-01 21:30:20', 1, '2023-06-01 21:30:20', NULL),
(140, 'METRO', NULL, NULL, NULL, NULL, 1, 0, '2023-06-01 21:30:37', 1, '2023-06-01 21:30:37', NULL),
(141, 'AL HARAM TRADERS', NULL, NULL, 'TOUNSA MOR CHOWK KA', '0345-600 5823', 2, 0, '2023-06-01 21:37:43', 1, '2023-06-01 21:37:43', NULL),
(143, 'SHIEKH MUNEER TRADERS MULTAN', '03007379078', NULL, 'GALLA MANDI MULTAN', NULL, 1, 0, '2023-06-04 20:04:35', 1, '2023-06-04 20:04:35', NULL),
(144, 'BISMILLAH TRADERS MULTAN', '03007345000', NULL, 'GHALLA MANDI MULTAN', '061-4234496+061-6527595', 1, 0, '2023-06-04 20:08:28', 1, '2023-06-04 20:08:28', NULL),
(145, 'IMRAN NIAZI KA', '0346-4100447', NULL, 'NOORY WALA RAILWAY CROSING', NULL, 2, 0, '2023-06-04 20:11:54', 1, '2023-06-04 20:11:54', NULL),
(147, 'TIBET SOAP', NULL, NULL, NULL, NULL, 1, 0, '2023-06-06 18:04:23', 1, '2023-06-06 18:04:23', NULL),
(148, 'ASHRAF BAROUCHA', NULL, NULL, NULL, NULL, 2, 0, '2023-06-06 18:05:33', 1, '2023-06-06 18:05:33', NULL),
(149, 'CH MUJAHID SAEED', '03436555357', NULL, 'MEDICARE MEDICAL STORE KA', '03225200020', 2, 0, '2023-06-06 18:11:21', 1, '2023-07-01 06:00:42', NULL),
(150, 'testing custmer 1', NULL, NULL, NULL, NULL, 2, 0, '2023-06-11 05:51:20', 1, '2023-07-11 09:24:00', NULL),
(151, 'testing custmer 2', NULL, NULL, NULL, NULL, 2, 0, '2023-06-11 05:51:35', 1, '2023-06-14 11:03:14', NULL),
(152, 'testing custamer 3', NULL, NULL, NULL, NULL, 2, 0, '2023-06-11 05:51:52', 1, '2023-06-12 21:08:22', NULL);

-- --------------------------------------------------------

--
-- Table structure for table `customer_ledger`
--

DROP TABLE IF EXISTS `customer_ledger`;
CREATE TABLE IF NOT EXISTS `customer_ledger` (
  `id` int(11) NOT NULL AUTO_INCREMENT,
  `sale_invoice_id` int(11) NOT NULL,
  `return_invoice_id` int(11) DEFAULT NULL,
  `sale_return_invoice_id` int(11) DEFAULT NULL,
  `customer_id` int(11) NOT NULL,
  `cpv_no` varchar(100) DEFAULT NULL COMMENT 'CPV = Cash Payment Vouture',
  `crv_no` varchar(100) DEFAULT NULL COMMENT 'CRV = Cash Recive Vouture',
  `cr` double DEFAULT 0 COMMENT ' credit ',
  `dr` double DEFAULT 0 COMMENT 'Debit',
  `balance` double NOT NULL DEFAULT 0,
  `trx_type` tinyint(4) DEFAULT 0 COMMENT ' 1  = Sale Inv ; \r\n2 -  Return ; \r\n3 -  Payment',
  `comment` text DEFAULT NULL COMMENT 'Comment or Remarks of payment',
  `is_editable` int(11) NOT NULL,
  `date` date DEFAULT NULL,
  `created_at` timestamp NOT NULL DEFAULT current_timestamp(),
  `created_by` int(11) NOT NULL,
  `updated_at` timestamp NULL DEFAULT current_timestamp() ON UPDATE current_timestamp(),
  `updated_by` int(11) DEFAULT NULL,
  PRIMARY KEY (`id`)
) ENGINE=InnoDB AUTO_INCREMENT=31 DEFAULT CHARSET=utf8mb4 COLLATE=utf8mb4_general_ci;

--
-- Dumping data for table `customer_ledger`
--

INSERT INTO `customer_ledger` (`id`, `sale_invoice_id`, `return_invoice_id`, `sale_return_invoice_id`, `customer_id`, `cpv_no`, `crv_no`, `cr`, `dr`, `balance`, `trx_type`, `comment`, `is_editable`, `date`, `created_at`, `created_by`, `updated_at`, `updated_by`) VALUES
(1, 0, NULL, NULL, 52, NULL, 'Crv -1-9-9-23', 100, 0, -100, 3, 'net cash jama', 0, '2023-09-09', '2023-09-09 04:48:28', 1, '2023-09-09 04:49:23', NULL),
(2, 0, NULL, NULL, 52, 'Cpv -1-9-9-23', NULL, 0, 20, -80, 3, 'ledger banam', 0, '2023-09-09', '2023-09-09 04:49:23', 1, '2023-09-09 04:50:48', NULL),
(3, 0, NULL, NULL, 52, NULL, 'Crv -2-9-9-23', 10, 0, -90, 3, 'Ledger m jama', 0, '2023-09-09', '2023-09-09 04:50:48', 1, '2023-09-09 05:31:26', NULL),
(4, 0, NULL, NULL, 52, NULL, 'Crv -3-9-9-23', 15, 0, -105, 3, 'leder m jama', 0, '2023-09-09', '2023-09-09 05:31:26', 1, '2023-09-09 05:39:07', NULL),
(5, 0, NULL, NULL, 52, 'Cpv -2-9-9-23', NULL, 0, 25, -80, 3, 'ledger me bana from', 1, '2023-09-09', '2023-09-09 05:39:07', 1, '2023-09-09 05:39:07', NULL),
(6, 0, NULL, NULL, 51, NULL, 'Crv -1-10-9-23', 100, 0, -100, 3, 'ledger me jama', 0, '2023-09-10', '2023-09-10 06:12:09', 1, '2023-09-10 06:12:46', NULL),
(7, 0, NULL, NULL, 51, 'Cpv -1-10-9-23', NULL, 0, 20, -80, 3, 'kedger banam', 0, '2023-09-10', '2023-09-10 06:12:46', 1, '2023-09-10 06:13:15', NULL),
(8, 0, NULL, NULL, 51, NULL, 'Crv -2-10-9-23', 5, 0, -85, 3, 'ledger ma jama balance  85', 1, '2023-09-10', '2023-09-10 06:13:15', 1, '2023-09-10 06:13:15', NULL),
(9, 0, NULL, NULL, 42, 'Cpv -2-10-9-23', NULL, 0, 2000, 0, 3, NULL, 0, '2023-09-10', '2023-09-10 06:14:23', 1, '2023-09-10 06:16:35', NULL),
(10, 0, NULL, NULL, 42, NULL, 'Crv -3-10-9-23', 800, 0, -800, 3, 'jama balmnce 100', 0, '2023-09-10', '2023-09-10 06:16:35', 1, '2023-09-10 06:18:50', NULL),
(11, 0, NULL, NULL, 48, NULL, 'Crv -4-10-9-23', 400, 0, -400, 3, 'badasht khd', 1, '2023-09-10', '2023-09-10 06:16:35', 1, '2023-09-10 06:16:35', NULL),
(12, 0, NULL, NULL, 88, NULL, 'Crv -5-10-9-23', 500, 0, -500, 3, 'sdfghjk', 1, '2023-09-10', '2023-09-10 06:16:35', 1, '2023-09-10 06:16:35', NULL),
(13, 0, NULL, NULL, 42, 'Cpv -3-10-9-23', NULL, 0, 300, -500, 3, 'asdfghjkl', 0, '2023-09-10', '2023-09-10 06:18:50', 1, '2023-09-10 06:52:04', NULL),
(14, 0, NULL, NULL, 42, 'Cpv -4-10-9-23', NULL, 0, 10, -490, 3, 'banam', 0, '2023-09-10', '2023-09-10 06:52:04', 1, '2023-09-10 06:53:07', NULL),
(15, 0, NULL, NULL, 42, NULL, 'Crv -6-10-9-23', 10, 0, -500, 3, 'dfghjkl;', 0, '2023-09-10', '2023-09-10 06:53:07', 1, '2023-09-10 07:37:54', NULL),
(16, 0, NULL, NULL, 10, NULL, 'Crv -7-10-9-23', 5000, 0, -6000, 3, 'jama wasoli', 0, '2023-09-10', '2023-09-10 07:37:54', 1, '2023-09-10 07:45:58', NULL),
(17, 0, NULL, NULL, 42, NULL, 'Crv -8-10-9-23', 1000, 0, -1500, 3, 'wasoli', 0, '2023-09-10', '2023-09-10 07:37:54', 1, '2023-09-10 07:45:58', NULL),
(18, 0, NULL, NULL, 43, NULL, 'Crv -9-10-9-23', 4000, 0, -2000, 3, 'wasooli', 0, '2023-09-10', '2023-09-10 07:37:54', 1, '2023-09-10 07:48:00', NULL),
(19, 0, NULL, NULL, 10, NULL, 'Crv -10-10-9-23', 2000, 0, -8000, 3, 'jama wasoli', 0, '2023-09-10', '2023-09-10 07:45:58', 1, '2023-09-10 07:48:01', NULL),
(20, 0, NULL, NULL, 42, NULL, 'Crv -11-10-9-23', 2000, 0, -3500, 3, 'wasoli', 0, '2023-09-10', '2023-09-10 07:45:58', 1, '2023-09-10 07:48:01', NULL),
(21, 0, NULL, NULL, 43, NULL, 'Crv -12-10-9-23', 3000, 0, -5000, 3, 'wasoli', 1, '2023-09-10', '2023-09-10 07:48:01', 1, '2023-09-10 07:48:01', NULL),
(22, 0, NULL, NULL, 64, NULL, 'Crv -13-10-9-23', 2000, 0, -2000, 3, 'wasoli', 1, '2023-09-10', '2023-09-10 07:48:01', 1, '2023-09-10 07:48:01', NULL),
(23, 0, NULL, NULL, 42, NULL, 'Crv -14-10-9-23', 2000, 0, -3500, 3, 'wasoli', 1, '2023-09-10', '2023-09-10 07:48:01', 1, '2023-09-10 07:48:01', NULL),
(24, 0, NULL, NULL, 44, NULL, 'Crv -15-10-9-23', 4000, 0, -4000, 3, 'wasoli', 1, '2023-09-10', '2023-09-10 07:48:01', 1, '2023-09-10 07:48:01', NULL),
(25, 0, NULL, NULL, 10, NULL, 'Crv -16-10-9-23', 3000, 0, -9000, 3, 'wasoli', 1, '2023-09-10', '2023-09-10 07:48:01', 1, '2023-09-10 07:48:01', NULL),
(27, 10, NULL, NULL, 42, NULL, NULL, 1000, 6200, 5200, 1, NULL, 0, '2023-10-05', '2023-10-04 19:23:10', 1, '2023-10-04 19:57:31', NULL),
(28, 0, NULL, 1, 42, NULL, NULL, 8100, 100, -2900, 2, NULL, 0, '2023-10-05', '2023-10-04 21:22:31', 1, '2023-10-04 21:22:31', NULL),
(29, 0, NULL, 2, 42, NULL, NULL, 4100, NULL, -7000, 2, NULL, 0, '2023-10-05', '2023-10-04 21:57:51', 1, '2023-10-04 21:57:51', NULL),
(30, 11, NULL, NULL, 43, NULL, NULL, 0, 3200, 3200, 1, NULL, 0, '2023-10-06', '2023-10-05 20:34:53', 1, '2023-10-05 20:34:53', NULL);

-- --------------------------------------------------------

--
-- Table structure for table `customer_transactions`
--

DROP TABLE IF EXISTS `customer_transactions`;
CREATE TABLE IF NOT EXISTS `customer_transactions` (
  `id` bigint(20) UNSIGNED NOT NULL AUTO_INCREMENT,
  `client_id` bigint(20) UNSIGNED NOT NULL,
  `debit` double(8,2) DEFAULT NULL,
  `credit` double(8,2) DEFAULT NULL,
  `remarks` text DEFAULT NULL,
  `created_at` timestamp NULL DEFAULT NULL,
  `updated_at` timestamp NULL DEFAULT NULL,
  PRIMARY KEY (`id`),
  KEY `transactions_client_id_foreign` (`client_id`)
) ENGINE=InnoDB DEFAULT CHARSET=utf8mb4 COLLATE=utf8mb4_unicode_ci;

-- --------------------------------------------------------

--
-- Table structure for table `failed_jobs`
--

DROP TABLE IF EXISTS `failed_jobs`;
CREATE TABLE IF NOT EXISTS `failed_jobs` (
  `id` bigint(20) UNSIGNED NOT NULL AUTO_INCREMENT,
  `uuid` varchar(255) NOT NULL,
  `connection` text NOT NULL,
  `queue` text NOT NULL,
  `payload` longtext NOT NULL,
  `exception` longtext NOT NULL,
  `failed_at` timestamp NOT NULL DEFAULT current_timestamp(),
  PRIMARY KEY (`id`),
  UNIQUE KEY `failed_jobs_uuid_unique` (`uuid`)
) ENGINE=InnoDB DEFAULT CHARSET=utf8mb4 COLLATE=utf8mb4_unicode_ci;

-- --------------------------------------------------------

--
-- Table structure for table `migrations`
--

DROP TABLE IF EXISTS `migrations`;
CREATE TABLE IF NOT EXISTS `migrations` (
  `id` int(10) UNSIGNED NOT NULL AUTO_INCREMENT,
  `migration` varchar(255) NOT NULL,
  `batch` int(11) NOT NULL,
  PRIMARY KEY (`id`)
) ENGINE=InnoDB AUTO_INCREMENT=5 DEFAULT CHARSET=utf8mb4 COLLATE=utf8mb4_unicode_ci;

--
-- Dumping data for table `migrations`
--

INSERT INTO `migrations` (`id`, `migration`, `batch`) VALUES
(1, '2014_10_12_000000_create_users_table', 1),
(2, '2014_10_12_100000_create_password_resets_table', 1),
(3, '2019_08_19_000000_create_failed_jobs_table', 1),
(4, '2019_12_14_000001_create_personal_access_tokens_table', 1);

-- --------------------------------------------------------

--
-- Table structure for table `password_resets`
--

DROP TABLE IF EXISTS `password_resets`;
CREATE TABLE IF NOT EXISTS `password_resets` (
  `email` varchar(255) NOT NULL,
  `token` varchar(255) NOT NULL,
  `created_at` timestamp NULL DEFAULT NULL,
  KEY `password_resets_email_index` (`email`)
) ENGINE=InnoDB DEFAULT CHARSET=utf8mb4 COLLATE=utf8mb4_unicode_ci;

--
-- Dumping data for table `password_resets`
--

INSERT INTO `password_resets` (`email`, `token`, `created_at`) VALUES
('zee@gmail.com', '$2y$10$O5u6kNpGCQUf/40sSK6PSu5p87TBn7deyNS8ockAXWThgnrI9NHnG', '2023-08-17 05:48:35');

-- --------------------------------------------------------

--
-- Table structure for table `personal_access_tokens`
--

DROP TABLE IF EXISTS `personal_access_tokens`;
CREATE TABLE IF NOT EXISTS `personal_access_tokens` (
  `id` bigint(20) UNSIGNED NOT NULL AUTO_INCREMENT,
  `tokenable_type` varchar(255) NOT NULL,
  `tokenable_id` bigint(20) UNSIGNED NOT NULL,
  `name` varchar(255) NOT NULL,
  `token` varchar(64) NOT NULL,
  `abilities` text DEFAULT NULL,
  `last_used_at` timestamp NULL DEFAULT NULL,
  `created_at` timestamp NULL DEFAULT NULL,
  `updated_at` timestamp NULL DEFAULT NULL,
  PRIMARY KEY (`id`),
  UNIQUE KEY `personal_access_tokens_token_unique` (`token`),
  KEY `personal_access_tokens_tokenable_type_tokenable_id_index` (`tokenable_type`,`tokenable_id`)
) ENGINE=InnoDB DEFAULT CHARSET=utf8mb4 COLLATE=utf8mb4_unicode_ci;

-- --------------------------------------------------------

--
-- Table structure for table `products`
--

DROP TABLE IF EXISTS `products`;
CREATE TABLE IF NOT EXISTS `products` (
  `id` int(11) NOT NULL AUTO_INCREMENT,
  `company_id` int(11) NOT NULL,
  `product_name` varchar(100) NOT NULL,
  `product_icon` varchar(100) DEFAULT NULL COMMENT '1=Vendor ;\r\n2 = Customer',
  `barcode` varchar(100) NOT NULL,
  `size` varchar(100) NOT NULL,
  `old_purchase_price` double NOT NULL,
  `new_purchase_price` double DEFAULT NULL,
  `sale_price` double NOT NULL,
  `expiry_date` date DEFAULT NULL,
  `stock_balance` double NOT NULL,
  `deleted_at` timestamp NULL DEFAULT NULL,
  `created_at` timestamp NOT NULL DEFAULT current_timestamp(),
  `created_by` int(11) NOT NULL,
  `updated_at` timestamp NOT NULL DEFAULT current_timestamp() ON UPDATE current_timestamp(),
  `updated_by` int(11) DEFAULT NULL,
  PRIMARY KEY (`id`)
) ENGINE=InnoDB AUTO_INCREMENT=513 DEFAULT CHARSET=utf8mb4 COLLATE=utf8mb4_general_ci;

--
-- Dumping data for table `products`
--

INSERT INTO `products` (`id`, `company_id`, `product_name`, `product_icon`, `barcode`, `size`, `old_purchase_price`, `new_purchase_price`, `sale_price`, `expiry_date`, `stock_balance`, `deleted_at`, `created_at`, `created_by`, `updated_at`, `updated_by`) VALUES
(5, 3, 'ZABARDAST UREA', '', '5', '50KG', 4025, NULL, 4100, '2023-05-09', 93, NULL, '2023-04-15 04:51:16', 1, '2023-10-05 20:42:03', 1),
(7, 3, 'SONA UREA', '', '7', '50KG', 3020, NULL, 3050, NULL, 0, NULL, '2023-05-09 03:43:35', 1, '2023-07-11 09:24:00', 1),
(8, 4, 'SONA DAP', '', '8', '50KG', 9420, NULL, 9450, '2023-11-09', 0, NULL, '2023-05-09 07:24:54', 1, '2023-07-11 09:24:00', 1),
(9, 5, 'PAK ARAB CAN', '', '9', '50KG', 2970, NULL, 3000, '0000-00-00', 0, NULL, '2023-05-09 07:25:44', 1, '2023-07-11 09:24:00', 1),
(10, 3, 'SONA UREA G', '', '10', '50KG', 3220, NULL, 3300, '2023-11-09', 0, NULL, '2023-05-13 10:54:11', 1, '2023-07-11 09:24:00', 1),
(11, 5, 'SARSABAZ CAN', '', '11', '50KG', 2980, 2980, 3150, '0000-00-00', 0, NULL, '2023-05-13 10:55:24', 1, '2023-07-11 09:24:00', 1),
(12, 11, 'SMALL UREA 25KG', '', '12', '25KG', 1650, NULL, 1700, '2023-05-07', 0, NULL, '2023-05-13 10:57:41', 1, '2023-07-11 09:24:00', 1),
(13, 7, 'TARA SSP 50KG', '', '13', '50KG', 3100, NULL, 3200, NULL, 0, NULL, '2023-05-13 10:58:47', 1, '2023-07-11 09:24:00', 1),
(14, 3, 'test product', '', '6', '8', 8989, NULL, 89, NULL, 0, '2023-05-16 23:46:04', '2023-05-14 03:30:29', 1, '2023-05-16 23:46:04', NULL),
(15, 4, 'TEST PRODUCt new updae', '', '2', '34', 33, NULL, 33, NULL, 0, '2023-05-19 05:00:50', '2023-05-14 04:46:01', 1, '2023-05-19 05:00:50', NULL),
(16, 18, 'SULTAN GHEE 10KG CARTON', '', '16', '10KG', 5180, NULL, 5200, NULL, 0, NULL, '2023-05-16 01:08:53', 1, '2023-07-11 09:24:00', 1),
(17, 18, 'SULTAN COOKING OIL 10LTR', '', '17', '10LTR', 5480, NULL, 5520, NULL, 0, NULL, '2023-05-16 01:18:16', 1, '2023-05-16 01:18:16', NULL),
(18, 18, 'SULTAN COOKING OIL PER LTR', '', '18', '1LTR', 548, NULL, 560, NULL, 0, NULL, '2023-05-16 01:22:40', 1, '2023-05-16 23:44:31', NULL),
(19, 18, 'SULTAN GHEE PER KG', '', '19', '1KG', 518, NULL, 530, NULL, 0, NULL, '2023-05-16 01:23:33', 1, '2023-05-16 01:23:33', NULL),
(20, 18, 'SULTAN SARSU 250ML CARTON', '', '20', '250ML', 3320, NULL, 3340, NULL, 0, NULL, '2023-05-16 01:27:57', 1, '2023-05-16 13:02:05', NULL),
(21, 18, 'SULTAN SARSU 250ML FREE BOTAL', '', '21', 'CARTON', 3520, NULL, 3540, NULL, 0, '2023-05-16 12:54:56', '2023-05-16 01:29:38', 1, '2023-05-16 12:54:56', NULL),
(22, 18, 'SULTAN SARSU OIL 125ML FEE BOTEL', '', '22', '125ML', 74, NULL, 80, NULL, 0, NULL, '2023-05-16 01:31:38', 1, '2023-05-16 01:31:38', NULL),
(23, 18, 'SULTAN SARSU 250ML FEE BOTEL', '', '23', '250ML', 138, NULL, 145, NULL, 0, NULL, '2023-05-16 01:33:59', 1, '2023-05-16 01:33:59', NULL),
(24, 18, 'SULTAN COOKING OIL 3LTR', '', '24', '3LTR', 1675, NULL, 1700, NULL, 0, NULL, '2023-05-16 01:35:01', 1, '2023-05-16 01:35:01', NULL),
(25, 31, 'MURGH MARKA SEWAYA CARTON', '', '25', 'CARTON', 1220, NULL, 1250, NULL, 0, NULL, '2023-05-16 01:37:32', 1, '2023-05-16 01:37:32', NULL),
(26, 17, 'HOOR GHEE 10KG CARTON', '', '26', '10KG', 5120, NULL, 5150, NULL, 0, NULL, '2023-05-16 01:43:46', 1, '2023-07-11 09:24:00', 1),
(27, 17, 'HOOR COOKING OIL 5 LTR DISPANCER', '', '27', 'CARTON', 2710, NULL, 2730, NULL, 0, NULL, '2023-05-16 01:45:16', 1, '2023-05-16 01:45:16', NULL),
(28, 17, 'HOOR GHEE PER KG', '', '28', '1KG', 512, NULL, 520, NULL, 0, NULL, '2023-05-16 01:45:45', 1, '2023-05-16 01:45:45', NULL),
(29, 17, 'HOOR COOKING OIL PER LITR', '', '29', '1LTR', 542, NULL, 550, NULL, 0, NULL, '2023-05-16 01:46:43', 1, '2023-05-16 01:46:43', NULL),
(30, 17, 'HOOR GHEE 100GM CARTON', '', '30', 'CARTON', 2600, NULL, 2650, NULL, 0, NULL, '2023-05-16 01:47:18', 1, '2023-05-16 01:47:18', NULL),
(31, 17, 'HOOR SARSU OIL 200ML', '', '31', 'CARTON', 2800, NULL, 2820, NULL, 0, NULL, '2023-05-16 01:48:18', 1, '2023-05-16 01:48:18', NULL),
(32, 17, 'HOOR SARSU OIL FEE BOTEL 200ML', '', '32', '200ML', 117, NULL, 120, '0000-00-00', 0, NULL, '2023-05-16 01:49:19', 1, '2023-07-11 09:24:00', 1),
(33, 17, 'HOOR COOKING OIL 10LTR CARTON', '', '33', '10LTR', 4810, 4810, 5550, '0000-00-00', 0, NULL, '2023-05-16 01:49:54', 1, '2023-07-11 09:24:00', 1),
(34, 3, 'test  product sultan', '', '34', 'carton', 100, NULL, 150, NULL, 0, '2023-05-17 00:20:38', '2023-05-16 12:54:22', 1, '2023-05-17 00:20:38', NULL),
(35, 3, 'ENGRO UREA', '', '35', '50KG', 3150, NULL, 3200, '2023-06-17', 100, NULL, '2023-05-16 23:45:39', 1, '2023-07-12 07:29:36', 1),
(36, 13, 'SUGAR 50KG', '', '36', '50KG', 5250, NULL, 5400, NULL, 0, NULL, '2023-05-17 00:22:12', 1, '2023-05-17 00:22:12', NULL),
(37, 13, 'SUGAR PER KG', '', '37', '1KG', 105, NULL, 110, NULL, 0, NULL, '2023-05-17 00:22:53', 1, '2023-05-17 00:22:53', NULL),
(38, 22, 'KAINAT KACHI DOUBLE STEAM 25KG BAG', '', '38', '25KG', 6900, NULL, 8000, NULL, 0, NULL, '2023-05-17 00:23:47', 1, '2023-05-19 02:29:33', NULL),
(39, 22, 'KAINAT KACHI DOUBLE STEAM PER KG', '', '39', '1KG', 276, NULL, 320, NULL, 0, NULL, '2023-05-17 00:25:11', 1, '2023-05-19 02:30:49', NULL),
(40, 22, 'KACHI KAINAT PER KG', '', '40', '1KG', 240, NULL, 290, NULL, 0, NULL, '2023-05-17 00:27:44', 1, '2023-05-17 00:27:44', NULL),
(41, 22, 'KACHI 86 50KG BAG', '', '41', '50KG', 6000, NULL, 10750, NULL, 0, NULL, '2023-05-17 00:28:49', 1, '2023-05-17 00:28:49', NULL),
(42, 22, 'KACHI 86 PER KG', '', '42', '1KG', 120, NULL, 220, NULL, 0, NULL, '2023-05-17 00:29:40', 1, '2023-05-17 00:29:40', NULL),
(43, 22, 'SUFAID RICE 50KG BAG', '', '43', '50KG', 5370, NULL, 7250, NULL, 0, NULL, '2023-05-17 00:31:07', 1, '2023-05-17 00:31:07', NULL),
(44, 22, 'SUFAID RICE PER KG', '', '44', '1KG', 108, NULL, 150, NULL, 0, NULL, '2023-05-17 00:32:04', 1, '2023-05-17 00:32:04', NULL),
(45, 19, 'KARWAN GHEE 10KG', '', '45', '10KG', 4450, NULL, 4550, NULL, 0, NULL, '2023-05-17 23:21:14', 1, '2023-05-17 23:21:14', NULL),
(46, 19, 'KARWAN GHEE PER KG', '', '46', '1KG', 455, NULL, 500, NULL, 0, NULL, '2023-05-17 23:21:54', 1, '2023-05-17 23:21:54', NULL),
(47, 16, 'BAKHTAWAR GHEE 10KG', '', '47', '10KG', 4970, NULL, 5020, NULL, 0, NULL, '2023-05-17 23:22:59', 1, '2023-07-11 09:24:00', 1),
(48, 16, 'BAKHTAWAR GHEE PER KG', '', '48', '1KG', 497, NULL, 510, NULL, 97, NULL, '2023-05-17 23:23:33', 1, '2023-07-11 08:26:58', 1),
(49, 4, 'ENGRO DAP', '', '49', '50KG', 9000, 12000, 9400, '2023-06-17', 100, NULL, '2023-05-17 23:26:05', 1, '2023-07-12 07:29:36', 1),
(50, 51, 'DAP PER KG', '', '50', '1KG', 220, NULL, 200, NULL, 0, '2023-06-10 10:48:51', '2023-05-17 23:27:07', 1, '2023-06-10 10:48:51', NULL),
(51, 51, 'UREA PER KG', '', '51', '1KG', 61, NULL, 70, NULL, 0, '2023-06-10 10:48:51', '2023-05-17 23:27:51', 1, '2023-06-10 10:48:51', NULL),
(52, 51, 'NP PER KG', '', '52', '1KG', 108, NULL, 120, NULL, 0, '2023-06-10 10:48:51', '2023-05-17 23:28:35', 1, '2023-06-10 10:48:51', NULL),
(53, 51, 'ZABARDAST UREA PER KG', '', '53', '1KG', 68, NULL, 90, NULL, 0, '2023-06-10 10:48:51', '2023-05-17 23:29:17', 1, '2023-06-10 10:48:51', NULL),
(54, 10, 'JEPSAM 50KG', '', '54', '50KG', 110, NULL, 180, NULL, 0, NULL, '2023-05-17 23:31:10', 1, '2023-05-17 23:31:10', NULL),
(55, 6, 'SARSABAZ NP', '', '55', '50KG', 5365, NULL, 5400, '0000-00-00', 0, NULL, '2023-05-17 23:33:55', 1, '2023-07-11 09:24:00', 1),
(56, 6, 'ENGRO NP', '', '56', '50KG', 5200, NULL, 5300, NULL, 100, NULL, '2023-05-17 23:34:22', 1, '2023-07-12 07:29:36', 1),
(57, 9, 'SOP FFC GARANULAR 50KG', '', '57', '50KG', 11625, NULL, 12000, NULL, 0, NULL, '2023-05-17 23:36:40', 1, '2023-05-17 23:36:40', NULL),
(58, 9, 'SOP FFC GARANULAR 25KG', '', '58', '25KG', 5850, NULL, 6000, NULL, 0, NULL, '2023-05-17 23:37:32', 1, '2023-05-17 23:37:32', NULL),
(59, 9, 'SOP ENGRO GARANULAR 50KG', '', '59', '50KG', 9015, NULL, 12000, '2023-06-17', 50, NULL, '2023-05-17 23:38:42', 1, '2023-07-12 07:29:36', 1),
(60, 4, 'SONA DAP 25KG', '', '60', '25KG', 5525, NULL, 5500, NULL, 0, NULL, '2023-05-17 23:40:18', 1, '2023-05-17 23:40:18', NULL),
(61, 8, 'ZARKHAIZ PLUS 8.23.18', '', '61', '50KG', 5520, NULL, 9000, NULL, 0, NULL, '2023-05-17 23:42:15', 1, '2023-05-17 23:42:15', NULL),
(62, 8, 'ZAKHAIZ PLUS 8.23.18 PER KG', '', '62', '1KG', 111, NULL, 200, NULL, 0, NULL, '2023-05-17 23:42:54', 1, '2023-05-17 23:42:54', NULL),
(63, 35, 'HIT ZINC 20LTR CAN  WELCON', '', '63', '20LTR', 2750, NULL, 3800, NULL, 0, NULL, '2023-05-17 23:45:42', 1, '2023-05-17 23:45:42', NULL),
(64, 35, 'HIT ZINC 3LTR WELCON', '', '64', '3LTR', 457, NULL, 900, NULL, 0, NULL, '2023-05-17 23:49:53', 1, '2023-05-17 23:49:53', NULL),
(65, 35, 'HUMIC ASID 20LTR VERTAX', '', '65', '20LTR', 1900, NULL, 3000, NULL, 0, NULL, '2023-05-17 23:52:27', 1, '2023-05-17 23:52:27', NULL),
(66, 35, 'IDEAL ZINC 3KG WELCON', '', '66', '3KG', 885, NULL, 1400, NULL, 0, NULL, '2023-05-18 00:41:25', 1, '2023-05-18 00:41:25', NULL),
(67, 35, 'KISAN ZINC 5KG WELCON', '', '67', '5KG', 1200, NULL, 1500, NULL, 0, NULL, '2023-05-18 00:46:30', 1, '2023-05-18 00:46:30', NULL),
(68, 35, 'LINZER ZINC 3LTR MYLAND', '', '68', '3LTR', 400, NULL, 600, NULL, 0, NULL, '2023-05-18 00:57:27', 1, '2023-05-18 00:57:27', NULL),
(69, 35, 'RETURAN 5KG ZINC ADVANCE AGRO', '', '69', '5KG', 850, NULL, 1200, NULL, 0, NULL, '2023-05-18 01:17:56', 1, '2023-05-18 01:17:56', NULL),
(70, 35, 'SELECT ZINC 2KG KANZO AG', '', '70', '2KG', 1217, NULL, 1500, NULL, 0, NULL, '2023-05-18 01:19:35', 1, '2023-05-18 01:19:35', NULL),
(71, 35, 'SONA BORAN 3KG', '', '71', '3KG', 751, NULL, 950, NULL, 0, NULL, '2023-05-18 01:50:25', 1, '2023-05-18 01:50:25', NULL),
(72, 35, 'SONA ZINC 3KG GARANULAR', '', '72', '3KG', 2156, NULL, 2250, NULL, 0, NULL, '2023-05-18 01:52:15', 1, '2023-05-18 01:52:15', NULL),
(73, 35, 'ZINC 20LTR MY LAND', '', '73', '20LTR', 2000, NULL, 2800, NULL, 0, NULL, '2023-05-18 01:53:14', 1, '2023-05-18 01:53:14', NULL),
(74, 35, 'ZINCUF 5KG WELCON', '', '74', '5KG', 657, NULL, 950, NULL, 0, NULL, '2023-05-18 01:54:30', 1, '2023-05-18 01:54:30', NULL),
(75, 23, 'CHANA BARMA PER KG', '', '75', '1KG', 333, NULL, 340, NULL, 0, NULL, '2023-05-18 02:00:21', 1, '2023-05-18 02:00:21', NULL),
(76, 23, 'DAAL CHANA SUPREME PER KG', '', '76', '1KG', 223, NULL, 230, NULL, 0, NULL, '2023-05-18 02:01:03', 1, '2023-05-18 02:01:03', NULL),
(77, 23, 'DAAL MASH PER KG', '', '77', '1KG', 444, NULL, 460, NULL, 0, NULL, '2023-05-18 02:02:27', 1, '2023-05-18 02:02:27', NULL),
(78, 23, 'DAAL MASOOR PER KG', '', '78', '1KG', 253, NULL, 260, NULL, 0, NULL, '2023-05-18 02:03:05', 1, '2023-05-18 02:03:05', NULL),
(79, 23, 'DAAL MUNGHI CHAND MARKA PER KG', '', '79', '1KG', 248, NULL, 260, NULL, 0, NULL, '2023-05-18 02:03:54', 1, '2023-05-18 02:03:54', NULL),
(80, 23, 'KALA CHANA SUPREME PER KG', '', '80', '1KG', 203, NULL, 220, NULL, 0, NULL, '2023-05-18 02:04:51', 1, '2023-05-18 02:04:51', NULL),
(81, 23, 'DAAL RAWA PER KG', '', '81', '1KG', 351, NULL, 380, NULL, 0, NULL, '2023-05-18 02:06:21', 1, '2023-05-18 02:06:21', NULL),
(82, 4, 'CHEETA DAP 50KG', '', '82', '50KG', 9250, NULL, 12000, NULL, 0, NULL, '2023-05-18 02:07:19', 1, '2023-05-18 02:07:19', NULL),
(83, 28, 'KHAL 34KG WHEN PACKED', '', '83', '34KG', 2820, NULL, 3570, NULL, 0, NULL, '2023-05-18 02:10:03', 1, '2023-05-18 02:10:03', NULL),
(84, 28, 'KHAL 40KG BALOUCHI WHEN PACKED', '', '84', '40KG', 3406, NULL, 4200, NULL, 0, '2023-05-21 06:45:09', '2023-05-18 02:11:08', 1, '2023-05-21 06:45:09', NULL),
(85, 28, 'KHAL 40KG WHEN PACKED', '', '85', '40KG', 3406, NULL, 4200, NULL, 0, NULL, '2023-05-18 02:12:12', 1, '2023-05-21 06:45:30', NULL),
(86, 28, 'KHAL PER KG', '', '86', '1KG', 80, NULL, 110, NULL, 0, NULL, '2023-05-18 02:13:08', 1, '2023-05-18 02:13:08', NULL),
(87, 44, 'BARDANA FEE BAG', '', '87', 'BAG', 33, NULL, 40, NULL, 0, NULL, '2023-05-18 02:14:54', 1, '2023-05-18 02:14:54', NULL),
(88, 27, 'CHOKAR 10KG WHEN PACKED', '', '88', '10KG', 800, NULL, 850, NULL, 0, NULL, '2023-05-18 02:19:10', 1, '2023-05-18 02:19:10', NULL),
(89, 27, 'CHOKAR 20KG WHEN PACKED', '', '89', '20KG', 1600, NULL, 1650, NULL, 0, NULL, '2023-05-18 02:21:31', 1, '2023-05-20 03:41:21', 1),
(90, 27, 'CHOKAR 30KG WHEN PACKED', '', '90', '30KG', 2400, NULL, 2450, NULL, 0, NULL, '2023-05-18 02:22:11', 1, '2023-05-18 02:22:11', NULL),
(91, 29, 'FEED 14 NUMBER 50KG', '', '91', '50KG', 7700, NULL, 7900, NULL, 0, NULL, '2023-05-18 02:28:59', 1, '2023-05-19 02:27:31', NULL),
(92, 29, 'FEED 13 NUMBER 50KG', '', '92', '50KG', 6400, NULL, 7200, NULL, 0, NULL, '2023-05-18 02:29:38', 1, '2023-05-18 02:29:38', NULL),
(93, 29, 'FEED PER KG', '', '93', '1KG', 154, NULL, 170, NULL, 0, NULL, '2023-05-18 02:30:28', 1, '2023-05-18 02:30:28', NULL),
(94, 30, 'ROOH AFZA 800ML CARTON', '', '94', 'CARTON', 3330, NULL, 3400, NULL, 0, NULL, '2023-05-21 05:50:01', 1, '2023-05-21 05:50:01', NULL),
(95, 30, 'ROOH AFZA 800ML FEE BOTLE', '', '95', '800ML', 277.5, NULL, 300, NULL, 0, NULL, '2023-05-21 05:51:58', 1, '2023-05-21 05:51:58', NULL),
(96, 30, 'JAM E SHIRIN 800ML CARTON', '', '96', 'CARTON', 3372, NULL, 3500, NULL, 0, NULL, '2023-05-21 05:52:45', 1, '2023-05-21 05:52:45', NULL),
(97, 30, 'JAM E SHIRIN 800ML FEE BOTTLE', '', '97', '800ML', 281, NULL, 300, NULL, 0, NULL, '2023-05-21 05:53:22', 1, '2023-05-21 05:53:22', NULL),
(98, 15, 'FAMAR CHOICE 25KG ICI', '', '98', '25KG', 5350, NULL, 8500, NULL, 0, NULL, '2023-05-21 05:55:31', 1, '2023-05-21 05:55:31', NULL),
(99, 15, 'RUMEN BOOSTER 100GM', '', '99', '100GM', 450, NULL, 950, NULL, 0, NULL, '2023-05-21 06:01:24', 1, '2023-05-21 06:01:24', NULL),
(100, 15, 'VANDA CHENOTI 40KG', '', '100', '40KG', 3390, NULL, 3450, NULL, 0, NULL, '2023-05-21 06:08:09', 1, '2023-05-21 06:08:09', NULL),
(101, 15, 'VANDA HD 40KG ICI', '', '101', '40', 3210, NULL, 3700, NULL, 0, NULL, '2023-05-21 06:09:33', 1, '2023-05-21 06:09:33', NULL),
(102, 15, 'VANDA MASH 40KG ICI', '', '102', '40KG', 3250, NULL, 3450, NULL, 0, NULL, '2023-05-21 06:10:52', 1, '2023-05-21 06:10:52', NULL),
(103, 15, 'VANDA MEAT 40KG ICI', '', '103', '40KG', 3150, NULL, 3450, NULL, 0, NULL, '2023-05-21 06:11:48', 1, '2023-05-21 06:11:48', NULL),
(104, 15, 'VANDA MEAT PILLET 40KG ICI', '', '104', '40KG', 3185, NULL, 3500, NULL, 0, NULL, '2023-05-21 06:13:10', 1, '2023-05-21 06:13:10', NULL),
(105, 15, 'VANDA MASH PER KG ICI', '', '105', '1KG', 78.75, NULL, 90, NULL, 0, NULL, '2023-05-21 06:13:59', 1, '2023-05-21 06:13:59', NULL),
(106, 15, 'VANDA MEAT PER KG ICI', '', '106', '1KG', 78.78, NULL, 90, NULL, 0, NULL, '2023-05-21 06:18:05', 1, '2023-05-21 06:18:05', NULL),
(107, 15, 'VANDA MEAT PILLET PER KG ICI', '', '107', '1KG', 80, NULL, 100, NULL, 0, NULL, '2023-05-21 06:19:15', 1, '2023-05-21 06:19:15', NULL),
(108, 15, 'VANDA HD PER KG ICI', '', '108', '1KG', 80.25, NULL, 100, NULL, 0, NULL, '2023-05-21 06:20:16', 1, '2023-05-21 06:20:16', NULL),
(109, 60, 'HY SUN 33 2KG ICI', '', '109', '2KG', 15050, NULL, 15500, NULL, 0, NULL, '2023-05-21 06:31:08', 1, '2023-05-21 06:31:08', NULL),
(110, 60, 'AGORA 4 2KG ICI', '', '110', '2KG', 6620, NULL, 7200, NULL, 0, NULL, '2023-05-21 06:32:08', 1, '2023-05-21 06:32:08', NULL),
(111, 60, 'ARMANI 2KG SYGENTA', '', '111', '2KG', 4150, NULL, 4500, NULL, 0, NULL, '2023-05-21 06:33:21', 1, '2023-05-21 06:33:21', NULL),
(112, 25, 'SUJI 50KG', '', '112', '50KG', 6250, NULL, 6600, NULL, 0, NULL, '2023-05-21 06:35:23', 1, '2023-05-21 06:35:23', NULL),
(113, 26, 'MAIDA 40KG', '', '113', '40KG', 5100, NULL, 5250, NULL, 0, NULL, '2023-05-21 06:36:04', 1, '2023-05-21 06:36:04', NULL),
(114, 26, 'MAIDA 50KG', '', '114', '50KG', 6375, NULL, 6560, NULL, 0, NULL, '2023-05-21 06:38:18', 1, '2023-05-21 06:38:18', NULL),
(115, 24, 'NESHATA 50KG', '', '115', '50KG', 7627, NULL, 7800, NULL, 0, NULL, '2023-05-21 06:40:27', 1, '2023-05-21 06:40:27', NULL),
(116, 43, 'KHAJOOR IRANI 10KG CARTON', '', '116', '10KG', 3809, NULL, 4500, NULL, 0, NULL, '2023-05-21 06:43:33', 1, '2023-05-21 06:43:33', NULL),
(117, 43, 'KHAJOOR IRANI PER KG', '', '117', '1KG', 409, NULL, 500, NULL, 0, NULL, '2023-05-21 06:44:07', 1, '2023-05-21 06:44:07', NULL),
(118, 37, 'MAZA JUICE', '', '118', 'CARTON', 512, NULL, 600, NULL, 0, NULL, '2023-05-21 06:46:08', 1, '2023-05-21 06:46:08', NULL),
(119, 58, 'DETTOL SOAP 115GM RP-150', '', '119', '115GM', 131.8, NULL, 140, NULL, 0, NULL, '2023-05-21 06:48:20', 1, '2023-05-21 06:48:20', NULL),
(120, 58, 'DETTOL SOAP 85GM RP-125', '', '120', '125GM', 112.7, NULL, 118, NULL, 0, NULL, '2023-05-21 06:48:59', 1, '2023-05-21 06:48:59', NULL),
(121, 61, 'HALF KG SHAPAR PER KG', '', '121', '1KG', 468.25, NULL, 500, NULL, 0, NULL, '2023-05-21 06:50:19', 1, '2023-05-21 06:50:19', NULL),
(122, 61, 'PAO PACKING SHAPAR PER KG', '', '122', '1KG', 580, NULL, 620, NULL, 0, NULL, '2023-05-21 06:51:15', 1, '2023-05-21 06:51:15', NULL),
(123, 61, 'RANGEEN SHAPAR PER KG', '', '123', '1KG', 310, NULL, 350, NULL, 0, NULL, '2023-05-21 06:52:13', 1, '2023-05-21 06:52:13', NULL),
(124, 61, 'SHAPAR QUILT A ONE', '', '124', '1KG', 435, NULL, 470, NULL, 0, NULL, '2023-05-21 06:53:05', 1, '2023-05-21 06:53:05', NULL),
(125, 40, 'SS 32 5KG COTTON  JALANDAR SEED', '', '125', '5KG', 4390, NULL, 5000, NULL, 0, NULL, '2023-05-21 06:56:59', 1, '2023-05-21 07:00:13', NULL),
(126, 40, 'N 878 5KG COTTON JALANDAR', '', '126', '5KG', 2050, NULL, 2500, NULL, 0, NULL, '2023-05-21 06:58:52', 1, '2023-05-21 06:58:52', NULL),
(127, 40, 'WHEAL AG 999 COTTON WELCON', '', '127', '5KG', 4400, NULL, 4800, NULL, 0, NULL, '2023-05-21 06:59:47', 1, '2023-05-21 06:59:47', NULL),
(128, 38, '10 DABI MATCHES BOX', '', '128', 'BOX', 36, NULL, 50, NULL, 0, NULL, '2023-05-21 07:02:32', 1, '2023-05-21 07:02:32', NULL),
(129, 38, 'HOCKEY MATCHES CARTON', '', '129', 'CARTON', 3600, NULL, 4100, NULL, 0, NULL, '2023-05-21 07:03:23', 1, '2023-05-21 07:03:23', NULL),
(130, 38, 'HOCKEY MATCHES FEE OUTER', '', '130', 'BOX', 180, NULL, 220, NULL, 0, NULL, '2023-05-21 07:04:22', 1, '2023-05-21 07:04:22', NULL),
(131, 38, 'KITE MATCHES CLASSIC', '', '131', 'CARTON', 1060, NULL, 1600, NULL, 0, NULL, '2023-05-21 07:05:13', 1, '2023-05-21 07:05:13', NULL),
(132, 38, 'KITE MATCHES LARGE', '', '132', 'CARTON', 1560, NULL, 1850, NULL, 0, NULL, '2023-05-21 07:05:47', 1, '2023-05-21 07:05:47', NULL),
(133, 38, 'KITE MATCHES RP-4', '', '133', 'BOX', 106, NULL, 170, NULL, 0, NULL, '2023-05-21 07:06:39', 1, '2023-05-21 07:06:39', NULL),
(134, 38, 'KITE MATCHES RP-5', '', '134', 'BOX', 156, NULL, 190, NULL, 0, NULL, '2023-05-21 07:07:29', 1, '2023-05-21 07:07:29', NULL),
(135, 22, 'PAKKI SELLA KAINAT PER KG', '', '135', '1KG', 210, NULL, 310, NULL, 0, NULL, '2023-05-21 07:12:24', 1, '2023-05-21 07:12:24', NULL),
(136, 22, 'RICE FLOOR PER KG', '', '136', '1KG', 94, NULL, 100, NULL, 0, NULL, '2023-05-21 07:14:47', 1, '2023-05-21 07:14:47', NULL),
(137, 34, 'HERO SURF 310GM BAG RP-50', '', '137', 'BAG', 1020, NULL, 1060, NULL, 0, NULL, '2023-05-21 07:18:21', 1, '2023-05-21 07:18:21', NULL),
(138, 34, 'HERO SURF 375GM BAG RP-100', '', '138', 'BAG', 1540, NULL, 1600, NULL, 0, NULL, '2023-05-21 07:19:58', 1, '2023-05-21 07:19:58', NULL),
(139, 34, 'HERO SURF 375GM FEE PACKET RP-100', '', '139', '375GM', 84, NULL, 90, NULL, 0, NULL, '2023-05-21 07:20:51', 1, '2023-05-21 07:20:51', NULL),
(140, 34, 'HERO SURF 310GM FEE PACKET RP-50', '', '140', '310GM', 42.5, NULL, 47, NULL, 0, NULL, '2023-05-21 07:22:53', 1, '2023-05-21 07:22:53', NULL),
(141, 34, 'HERO SURF 5KG', '', '141', '5KG', 750, NULL, 1000, NULL, 0, NULL, '2023-05-21 07:23:42', 1, '2023-05-21 07:23:42', NULL),
(142, 45, 'COMMANDAR SURF 700GM CARTON', '', '142', '700GM', 2300, NULL, 2330, NULL, 0, NULL, '2023-05-21 07:25:04', 1, '2023-05-21 07:25:04', NULL),
(143, 45, 'COMMANDAR SURF 700GM FEE PACKET RP-220', '', '143', '700GM', 192, NULL, 200, NULL, 0, NULL, '2023-05-21 07:27:29', 1, '2023-05-21 07:27:29', NULL),
(144, 45, 'COMMANDAR SURF 175GM BAG', '', '144', 'BAG', 2150, NULL, 2200, NULL, 0, NULL, '2023-05-21 07:31:31', 1, '2023-05-21 07:31:31', NULL),
(145, 45, 'COMMANDAR SURF 175GM FEE PACKET RP-50', '', '145', '175GM', 44.37, NULL, 47, NULL, 0, NULL, '2023-05-21 07:32:38', 1, '2023-05-21 07:32:38', NULL),
(146, 45, 'COMMANDAR BAR CARTON', '', '146', 'CARTON', 618, NULL, 650, NULL, 0, NULL, '2023-05-21 07:33:31', 1, '2023-05-21 07:33:31', NULL),
(147, 45, 'COMMANDAR BAR FEE PACKET RP-20', '', '147', 'PACKET', 17.1666, NULL, 20, NULL, 0, NULL, '2023-05-21 07:34:36', 1, '2023-05-21 07:34:36', NULL),
(148, 45, 'COMMANDAR SOAP 20KG CARTON', '', '148', '20KG', 2853, NULL, 2920, NULL, 0, NULL, '2023-05-21 07:36:57', 1, '2023-05-21 07:36:57', NULL),
(149, 45, 'COMMANDAR SOAP 17KG CARTON', '', '149', '17KG', 2425, NULL, 2500, NULL, 0, NULL, '2023-05-21 07:37:31', 1, '2023-05-21 07:37:31', NULL),
(150, 45, 'COMMANDAR SOAP 15KG CARTON', '', '150', '15KG', 2140, NULL, 2200, NULL, 0, NULL, '2023-05-21 07:38:08', 1, '2023-05-21 07:38:08', NULL),
(151, 45, 'COMMANDAR SOAP 1KG FEE PACKET', '', '151', '1KG', 142.65, NULL, 150, NULL, 0, NULL, '2023-05-21 07:39:12', 1, '2023-05-21 07:39:12', NULL),
(152, 18, 'SULTAN DANIYA 100GM CARTON RP-60', '', '152', '100GM', 1450, NULL, 1500, NULL, 0, NULL, '2023-05-25 07:12:04', 1, '2023-05-25 07:12:04', NULL),
(153, 18, 'SULTAN DANIYA 100GM FEE PACKET RP-60', '', '153', '100GM', 48.333, NULL, 55, NULL, 0, NULL, '2023-05-25 07:18:55', 1, '2023-05-25 07:18:55', NULL),
(154, 18, 'SULTAN HALDI 100GM CARTON RP-60', '', '154', 'CARTON', 1450, NULL, 1500, NULL, 0, NULL, '2023-05-25 07:20:22', 1, '2023-05-25 07:20:22', NULL),
(155, 18, 'SULTAN HALDI 100GM FEE PACKET  RP-60', '', '155', '100GM', 48.33, NULL, 55, NULL, 0, NULL, '2023-05-25 07:22:53', 1, '2023-05-25 07:22:53', NULL),
(156, 18, 'SULTAN IODINE SALT 800GM CARTON RP-50', '', '156', 'CARTON', 460, NULL, 500, NULL, 0, NULL, '2023-05-25 07:24:09', 1, '2023-05-25 07:24:09', NULL),
(157, 18, 'SULTAN IODINE SALT 800GM PACKET RP-50', '', '157', '800GM', 38.33, NULL, 45, NULL, 0, NULL, '2023-05-25 07:25:21', 1, '2023-05-25 07:25:21', NULL),
(158, 18, 'SULTAN LAL MIRCH 100GM CARTON RP-90', '', '158', 'CARTON', 2320, NULL, 2400, NULL, 0, NULL, '2023-05-25 07:27:02', 1, '2023-07-11 09:24:00', 1),
(159, 18, 'SULTAN LAL MIRCH 100GM PACKET RP-90', '', '159', '100GM', 77.33, NULL, 85, NULL, 0, NULL, '2023-05-25 07:29:00', 1, '2023-05-25 07:29:00', NULL),
(160, 18, 'SULTAN LAL MIRCH 200GM PACKET RP-180', '', '160', '200GM', 155, NULL, 160, NULL, 0, NULL, '2023-05-25 07:31:11', 1, '2023-05-25 07:31:11', NULL),
(161, 18, 'SULTAN LAL MIRCH 200GM CARTON  RP-180', '', '161', 'CARTON', 3720, NULL, 3840, NULL, 0, NULL, '2023-05-25 07:32:14', 1, '2023-05-25 07:32:14', NULL),
(162, 18, 'SULTAN SIRKA 6LTR PACK RP-120', '', '162', '6LITR', 460, NULL, 500, NULL, 0, NULL, '2023-05-25 07:34:48', 1, '2023-05-25 07:34:48', NULL),
(163, 18, 'SULTAN SIRKA 1LTR  RP-120', '', '163', '1LTR', 76.66, NULL, 90, NULL, 0, NULL, '2023-05-25 07:35:52', 1, '2023-07-11 09:24:00', 1),
(164, 62, 'BIO AMLA S MINI 60ML RP-135', '', '164', '60ML', 91.19, NULL, 110, NULL, 0, NULL, '2023-05-25 07:42:10', 1, '2023-06-07 07:26:46', NULL),
(165, 62, 'BIO AMLA S SMALL   130ML RP-160', '', '165', '130ML', 109.25, NULL, 140, NULL, 0, NULL, '2023-05-25 07:43:30', 1, '2023-06-07 07:27:26', NULL),
(166, 24, 'NESHATA KALAF PER KG', '', '166', '1KG', 152.54, NULL, 180, NULL, 0, NULL, '2023-05-27 08:54:25', 1, '2023-05-27 08:54:25', NULL),
(167, 32, 'RABAR SOAP CARTON', '', '167', '14KG', 1070, NULL, 1500, NULL, 0, NULL, '2023-05-27 08:58:30', 1, '2023-05-27 08:58:30', NULL),
(168, 32, 'RABAR SOAP FEE PACKET', '', '168', 'PACKET', 53.5, NULL, 75, NULL, 0, NULL, '2023-05-27 08:59:24', 1, '2023-05-27 08:59:24', NULL),
(169, 32, 'REX BAR CARTON RP-20', '', '169', 'CARTON', 360, NULL, 400, NULL, 0, NULL, '2023-05-27 09:00:31', 1, '2023-05-27 09:00:31', NULL),
(170, 32, 'REX BAR CARTON RP-10', '', '170', 'CARTON', 275, NULL, 300, NULL, 0, NULL, '2023-05-27 09:01:57', 1, '2023-05-27 09:01:57', NULL),
(171, 32, 'REX BAR FEE PACKET RP-20', '', '171', 'PACKET', 17.16, NULL, 20, NULL, 0, NULL, '2023-05-27 09:03:24', 1, '2023-05-27 09:03:24', NULL),
(172, 21, 'PALANTINUM BLUE', '', '172', 'BOX', 892, NULL, 950, NULL, 0, NULL, '2023-05-27 09:05:28', 1, '2023-05-27 09:05:28', NULL),
(173, 21, 'ALL WIN', '', '173', 'BOX', 620, NULL, 650, NULL, 0, NULL, '2023-05-27 09:06:14', 1, '2023-05-27 09:06:14', NULL),
(174, 21, 'BENSON', '', '174', 'BOX', 5500, NULL, 5800, NULL, 0, NULL, '2023-05-27 09:06:54', 1, '2023-05-27 09:06:54', NULL),
(175, 21, 'BENSON FEE DABI', '', '175', 'BOX', 550, NULL, 600, NULL, 0, NULL, '2023-05-27 09:07:22', 1, '2023-05-27 09:07:22', NULL),
(176, 21, 'BUSNISESS MORE', '', '176', 'BOX', 705, NULL, 750, NULL, 0, NULL, '2023-05-27 09:08:39', 1, '2023-05-27 09:08:39', NULL),
(177, 21, 'CAPSTAN BY PALL MALL', '', '177', 'BOX', 2109, NULL, 2120, NULL, 0, NULL, '2023-05-27 09:09:28', 1, '2023-05-27 09:09:28', NULL),
(178, 21, 'CAPSTAN BY PALL MALL FEE DABI', '', '178', 'BOX', 210, NULL, 220, NULL, 0, NULL, '2023-05-27 09:10:12', 1, '2023-05-27 09:10:12', NULL),
(179, 21, 'CAPSTAN INTERNATIONAL', '', '179', 'BOX', 1640, NULL, 1650, NULL, 0, NULL, '2023-05-27 09:14:31', 1, '2023-05-27 09:14:31', NULL),
(180, 21, 'CAPSTAN INTERNATIONAL FEE DABI', '', '180', 'BOX', 164, NULL, 170, NULL, 0, NULL, '2023-05-27 09:15:38', 1, '2023-05-27 09:15:38', NULL),
(181, 21, 'DUNHILL', '', '181', 'BOX', 6000, NULL, 6100, NULL, 0, NULL, '2023-05-27 09:16:25', 1, '2023-05-27 09:16:25', NULL),
(182, 21, 'GOLD FLAKE', '', '182', 'BOX', 2110, NULL, 2120, NULL, 0, NULL, '2023-05-27 09:16:59', 1, '2023-05-27 09:16:59', NULL),
(183, 21, 'GOLD FLAKE FEE DABI', '', '183', 'BOX', 212, NULL, 220, NULL, 0, NULL, '2023-05-27 09:17:31', 1, '2023-05-27 09:17:31', NULL),
(184, 21, 'GOLD LEAF', '', '184', 'BOX', 2402, NULL, 4850, NULL, 0, NULL, '2023-05-27 09:18:15', 1, '2023-05-27 09:18:15', NULL),
(185, 21, 'GOLD LEAF FEE DABI', '', '185', 'BOX', 242, NULL, 500, NULL, 0, NULL, '2023-05-27 09:18:51', 1, '2023-05-27 09:18:51', NULL),
(186, 21, 'HONDA', '', '186', 'BOX', 447, NULL, 820, NULL, 0, NULL, '2023-05-27 09:19:50', 1, '2023-05-27 09:19:50', NULL),
(187, 21, 'HONDA FEE DABI', '', '187', 'BOX', 45, NULL, 90, NULL, 0, NULL, '2023-05-27 09:20:44', 1, '2023-05-27 09:20:44', NULL),
(188, 21, 'KISAN', '', '188', 'BOX', 630, NULL, 920, NULL, 0, NULL, '2023-05-27 09:21:12', 1, '2023-05-27 09:21:12', NULL),
(189, 21, 'KISAN FEE DABI', '', '189', 'BOX', 62, NULL, 100, NULL, 0, NULL, '2023-05-27 09:21:41', 1, '2023-05-27 09:21:41', NULL),
(190, 21, 'LORD ONE', '', '190', 'BOX', 620, NULL, 650, NULL, 0, NULL, '2023-05-27 09:22:11', 1, '2023-05-27 09:22:11', NULL),
(191, 21, 'M1 BLUE', '', '191', 'BOX', 630, NULL, 680, NULL, 0, NULL, '2023-05-27 10:11:50', 1, '2023-05-27 10:11:50', NULL),
(192, 21, 'M1 BLUE FEE DABI', '', '192', 'BOX', 64, NULL, 70, NULL, 0, NULL, '2023-05-27 10:12:39', 1, '2023-05-27 10:12:39', NULL),
(193, 21, 'MARSHALL', '', '193', 'BOX', 720, NULL, 920, NULL, 0, NULL, '2023-05-27 10:13:06', 1, '2023-05-27 10:13:06', NULL),
(194, 21, 'MARSHALL FEE DABI', '', '194', 'BOX', 72, NULL, 100, NULL, 0, NULL, '2023-05-27 10:13:30', 1, '2023-05-27 10:13:30', NULL),
(195, 21, 'MARVEN', '', '195', 'BOX', 1060, NULL, 2120, NULL, 0, NULL, '2023-05-27 10:14:52', 1, '2023-05-27 10:14:52', NULL),
(196, 21, 'MARVEN FEE DABI', '', '196', 'BOX', 106, NULL, 220, NULL, 0, NULL, '2023-05-27 10:15:23', 1, '2023-05-27 10:15:23', NULL),
(197, 21, 'MELANO', '', '197', 'BOX', 510, NULL, 1200, NULL, 0, NULL, '2023-05-27 10:15:53', 1, '2023-05-27 10:15:53', NULL),
(198, 21, 'ORIS PAK FEE DABI', '', '198', 'BOX', 89, NULL, 100, NULL, 0, NULL, '2023-05-27 10:16:29', 1, '2023-05-27 10:16:29', NULL),
(199, 21, 'ORIS PAKISTANI', '', '199', 'BOX', 890, NULL, 950, NULL, 0, NULL, '2023-05-27 10:17:15', 1, '2023-05-27 10:17:15', NULL),
(200, 21, 'ORIS GERMANI', '', '200', 'BOX', 532, NULL, 950, NULL, 0, NULL, '2023-05-27 10:17:52', 1, '2023-05-27 10:17:52', NULL),
(201, 21, 'ORIS GERMANI FEE DABI', '', '201', 'BOX', 53, NULL, 100, NULL, 0, NULL, '2023-05-27 10:18:41', 1, '2023-05-27 10:18:41', NULL),
(202, 21, 'PALANTINUM FEE DABI', '', '202', 'BOX', 90, NULL, 100, NULL, 0, NULL, '2023-05-27 10:19:25', 1, '2023-05-27 10:19:25', NULL),
(203, 21, 'PINE', '', '203', 'BOX', 1140, NULL, 1250, NULL, 0, NULL, '2023-05-27 10:20:02', 1, '2023-05-27 10:20:02', NULL),
(204, 21, 'PINE FEE DABI', '', '204', 'BOX', 114, NULL, 130, NULL, 0, NULL, '2023-05-27 10:23:17', 1, '2023-05-27 10:23:17', NULL),
(205, 21, 'RED & WHITE', '', '205', 'BOX', 1600, NULL, 1650, NULL, 0, NULL, '2023-05-27 10:24:08', 1, '2023-05-27 10:24:08', NULL),
(206, 21, 'RED & WHITE FEE DABI', '', '206', 'BOX', 160, NULL, 170, NULL, 0, NULL, '2023-05-27 10:24:52', 1, '2023-05-27 10:24:52', NULL),
(207, 21, 'ROYAL PAK', '', '207', 'BOX', 890, NULL, 920, NULL, 0, NULL, '2023-05-27 10:25:25', 1, '2023-05-27 10:25:25', NULL),
(208, 21, 'ROYAL PAK FEE DABI', '', '208', 'BOX', 89, NULL, 100, NULL, 0, NULL, '2023-05-27 10:26:02', 1, '2023-05-27 10:26:02', NULL),
(209, 21, 'SULTAN CIGRATE', '', '209', 'BOX', 570, NULL, 920, NULL, 0, NULL, '2023-05-27 10:26:37', 1, '2023-05-27 10:26:37', NULL),
(210, 21, 'SULTAN CIGRATE FEE DABI', '', '210', 'BOX', 57, NULL, 100, NULL, 0, NULL, '2023-05-27 10:27:05', 1, '2023-07-11 09:24:00', 1),
(211, 21, 'WHITE CAPSTAN', '', '211', 'BOX', 2100, NULL, 2120, NULL, 0, NULL, '2023-05-27 10:27:34', 1, '2023-05-27 10:27:34', NULL),
(212, 21, 'WHITE CAPSTAN FEE DABI', '', '212', 'BOX', 210, NULL, 220, NULL, 0, NULL, '2023-05-27 10:27:59', 1, '2023-05-27 10:27:59', NULL),
(213, 41, 'PK-1121 KAINAT JALANDAR SEED 20KG', '', '213', '20KG', 4800, NULL, 6000, NULL, 0, NULL, '2023-05-27 10:32:44', 1, '2023-05-27 10:32:44', NULL),
(214, 41, 'PK-1121 KAINAT NAWAB SEED 20KG', '', '214', '20KG', 4600, NULL, 5000, NULL, 0, NULL, '2023-05-27 10:33:56', 1, '2023-05-27 10:33:56', NULL),
(215, 41, 'PK-1121 KAINAT PER KG', '', '215', '1KG', 230, NULL, 300, NULL, 0, NULL, '2023-05-27 10:35:04', 1, '2023-05-27 10:35:04', NULL),
(216, 41, '1718- 20KG NAWAB SEED', '', '216', '20KG', 6500, NULL, 7000, NULL, 0, NULL, '2023-05-27 10:36:51', 1, '2023-05-27 10:36:51', NULL),
(217, 41, 'AL KHALID BASMATI 20KG NAWAB SEED', '', '217', '20KG', 6500, NULL, 7000, NULL, 0, NULL, '2023-05-27 10:37:34', 1, '2023-05-27 10:37:34', NULL),
(218, 41, 'IRRI-6 282 20KG', '', '218', '20KG', 2900, NULL, 3200, NULL, 0, NULL, '2023-05-27 10:38:40', 1, '2023-05-27 10:38:40', NULL),
(219, 41, 'IRRI-6 282 PER KG', '', '219', '1KG', 145, NULL, 200, NULL, 0, NULL, '2023-05-27 10:40:35', 1, '2023-05-27 10:40:35', NULL),
(220, 41, 'IRRI-9 20KG', '', '220', '20KG', 3400, NULL, 3700, NULL, 0, NULL, '2023-05-27 10:41:11', 1, '2023-05-27 10:41:11', NULL),
(221, 41, 'IRRI-9 PER KG', '', '221', '1KG', 170, NULL, 200, NULL, 0, NULL, '2023-05-27 10:41:55', 1, '2023-05-27 10:41:55', NULL),
(222, 41, 'KS-133 20KG', '', '222', '20KG', 2900, NULL, 3200, NULL, 0, NULL, '2023-05-27 10:42:51', 1, '2023-05-27 10:42:51', NULL),
(223, 41, 'PRIDE ULTRA 5KG WELCON', '', '223', '5KG', 10000, NULL, 12000, NULL, 0, NULL, '2023-05-27 10:43:42', 1, '2023-05-27 10:43:42', NULL),
(224, 41, 'SUPER BASMATI 515- 20KG', '', '224', '20KG', 4800, NULL, 5000, NULL, 0, NULL, '2023-05-27 10:44:37', 1, '2023-05-27 10:44:37', NULL),
(225, 41, 'SUPER KISAN 1509 20KG NAWAB SEED', '', '225', '20KG', 4800, NULL, 5000, NULL, 0, NULL, '2023-05-27 10:45:20', 1, '2023-05-27 10:45:20', NULL),
(226, 41, 'SUPRI PK-386 20KG', '', '226', '20KG', 3500, NULL, 3800, NULL, 0, NULL, '2023-05-27 10:45:55', 1, '2023-05-27 10:45:55', NULL),
(227, 39, 'ABDUL SATTAR 50KG', '', '227', '50KG', 5250, NULL, 5500, NULL, 0, NULL, '2023-05-27 10:49:05', 1, '2023-05-27 10:49:05', NULL),
(228, 39, 'AKBAR 50KG JALANDAR SEED', '', '228', '50KG', 4920, NULL, 5200, NULL, 0, NULL, '2023-05-27 10:50:06', 1, '2023-05-27 10:50:06', NULL),
(229, 39, 'AKBAR KHAWJA SEED 50KG', '', '229', '50', 5250, NULL, 5500, NULL, 0, NULL, '2023-05-27 10:51:32', 1, '2023-05-27 10:51:32', NULL),
(230, 39, 'ANAAJ 50KG', '', '230', '50KG', 4920, NULL, 5000, NULL, 0, NULL, '2023-05-27 10:52:32', 1, '2023-05-27 10:52:32', NULL),
(231, 39, 'AROOJ 50KG', '', '231', '50KG', 4916, NULL, 5000, NULL, 0, NULL, '2023-05-27 10:53:25', 1, '2023-05-27 10:53:25', NULL),
(232, 39, 'BHAKAR STAR 50KG KANZO-AG', '', '232', '50KG', 6036, NULL, 6200, NULL, 0, NULL, '2023-05-27 10:58:05', 1, '2023-05-27 10:58:05', NULL),
(233, 39, 'DILKASH 50KG', '', '233', '50KG', 5275, NULL, 5300, NULL, 0, NULL, '2023-05-27 10:58:45', 1, '2023-05-27 10:58:45', NULL),
(234, 39, 'FAISALABAD 08 JALANDAR SEED', '', '234', '50KG', 5225, NULL, 5300, NULL, 0, NULL, '2023-05-27 11:05:05', 1, '2023-05-27 11:05:05', NULL),
(235, 39, 'FAKHAR-E-BHAKAR 50KG JALANDAR SEED', '', '235', '50KG', 5250, NULL, 5300, NULL, 0, NULL, '2023-05-27 11:06:35', 1, '2023-05-27 11:06:35', NULL),
(236, 39, 'GHAZI 50KG JALANDAR SEED', '', '236', '50KG', 5400, NULL, 5600, NULL, 0, NULL, '2023-05-27 11:07:41', 1, '2023-05-27 11:07:41', NULL),
(237, 39, 'JOHAR 50KG', '', '237', '50KG', 5200, NULL, 5300, NULL, 0, NULL, '2023-05-27 11:08:39', 1, '2023-05-27 11:08:39', NULL),
(238, 39, 'OJALA 50KG JALANDAR SEED', '', '238', '50KG', 5225, NULL, 5300, NULL, 0, NULL, '2023-05-27 11:09:32', 1, '2023-05-27 11:09:32', NULL),
(239, 39, 'SHAN-E-BHAKAR 50KG', '', '239', '50KG', 4916, NULL, 5000, NULL, 0, NULL, '2023-05-27 11:11:07', 1, '2023-05-27 11:11:07', NULL),
(240, 41, 'SUBHANI 50KG', '', '240', '50KG', 4916, NULL, 5000, NULL, 0, '2023-05-27 11:12:13', '2023-05-27 11:11:56', 1, '2023-05-27 11:12:13', NULL),
(241, 39, 'SUBHANI 50KG', '', '241', '50KG', 4916, NULL, 5000, NULL, 0, NULL, '2023-05-27 11:13:26', 1, '2023-05-27 11:13:26', NULL),
(242, 39, 'GANDUM SEED PER KG', '', '242', '1KG', 100, NULL, 120, NULL, 0, NULL, '2023-05-27 11:17:53', 1, '2023-05-27 11:17:53', NULL),
(243, 14, 'ADVANTA HYBRID BAJRA 2KG', '', '243`', '2KG', 2850, NULL, 3500, NULL, 0, NULL, '2023-05-31 05:36:21', 1, '2023-05-31 05:36:21', NULL),
(244, 14, 'ALMAS MAKAIE 20KG BAG', '', '244', '20KG', 3633, NULL, 4000, NULL, 0, NULL, '2023-05-31 05:37:12', 1, '2023-05-31 05:37:12', NULL),
(245, 14, 'ALMAS MAKAIE PER KG', '', '245', '1KG', 181.65, NULL, 200, NULL, 0, NULL, '2023-05-31 05:37:51', 1, '2023-05-31 05:37:51', NULL),
(246, 14, 'BAJRA 5KG BAG GOREJA SEED', '', '246', '5KG', 750, NULL, 1200, NULL, 0, NULL, '2023-05-31 05:38:34', 1, '2023-05-31 05:38:34', NULL),
(247, 14, 'BAJRA 5KG BAG PER KG GOREJA SEED', '', '247', '1KG', 150, NULL, 240, NULL, 0, NULL, '2023-05-31 05:39:33', 1, '2023-05-31 05:40:37', NULL),
(248, 14, 'BARSEEM DESI PER KG', '', '248', '1KG', 388, NULL, 450, NULL, 0, NULL, '2023-05-31 05:41:16', 1, '2023-05-31 05:41:16', NULL),
(249, 14, 'BARSEEM FARMI PER KG', '', '249', '1KG', 312, NULL, 450, NULL, 0, NULL, '2023-05-31 05:41:59', 1, '2023-05-31 05:41:59', NULL),
(250, 14, 'BARSEEM RACHNA SEED 1KG PACK', '', '250', '1KG', 700, NULL, 850, NULL, 0, NULL, '2023-05-31 05:42:48', 1, '2023-05-31 05:42:48', NULL),
(251, 14, 'BARSEEM 4KG PACK GOREJA SEED PER KG', '', '251', '1KG', 400, NULL, 500, NULL, 0, NULL, '2023-05-31 05:43:36', 1, '2023-05-31 05:43:36', NULL),
(252, 14, 'BINDI PER KG SABZ PARI', '', '252', '1KG', 750, NULL, 1200, NULL, 0, NULL, '2023-05-31 05:44:12', 1, '2023-05-31 05:44:12', NULL),
(253, 14, 'CHINA TILL 1KG GOREJA SEED', '', '253', '1KG', 600, NULL, 700, NULL, 0, NULL, '2023-05-31 05:45:32', 1, '2023-05-31 05:45:32', NULL),
(254, 14, 'CHINA TILL 400GM', '', '254', '400GM', 250, NULL, 400, NULL, 0, NULL, '2023-05-31 05:46:27', 1, '2023-05-31 05:46:27', NULL),
(255, 14, 'CHINA TILLI STICK 1KG TH-06 GOREJA SEED', '', '255', '1KG', 850, NULL, 1100, NULL, 0, NULL, '2023-05-31 05:47:38', 1, '2023-05-31 05:47:38', NULL),
(256, 14, 'CHINA TILLI 400GM GOREJA SEED', '', '256', '400GM', 350, NULL, 600, NULL, 0, NULL, '2023-05-31 05:48:21', 1, '2023-05-31 05:48:21', NULL),
(257, 14, 'DANIYA IRANI PER KG', '', '257', '1KG', 353, NULL, 480, NULL, 0, NULL, '2023-05-31 05:49:11', 1, '2023-05-31 05:49:11', NULL),
(258, 14, 'DESI WHITE MAKAIE PER KG', '', '258', '1KG', 92, NULL, 120, NULL, 0, NULL, '2023-05-31 05:53:39', 1, '2023-05-31 05:53:39', NULL),
(259, 14, 'DESI BAJRA 50KG', '', '259', '50KG', 3990, NULL, 4800, NULL, 0, NULL, '2023-05-31 05:55:08', 1, '2023-05-31 05:55:08', NULL),
(260, 14, 'DESI BAJRA PER KG', '', '260', '1KG', 80, NULL, 100, NULL, 0, NULL, '2023-05-31 05:56:21', 1, '2023-05-31 05:56:21', NULL),
(261, 14, 'DESI BAJRI PER KG', '', '261', '1KG', 100, NULL, 120, NULL, 0, NULL, '2023-05-31 05:56:59', 1, '2023-05-31 05:56:59', NULL),
(262, 14, 'DESI JAWAR PER KG', '', '262', '1KG .', 112, NULL, 120, NULL, 0, NULL, '2023-05-31 05:57:33', 1, '2023-05-31 05:57:33', NULL),
(263, 14, 'DESI MAKAIE PER KG', '', '263', '1KG', 76.35, NULL, 100, NULL, 0, NULL, '2023-05-31 05:58:55', 1, '2023-05-31 05:58:55', NULL),
(264, 14, 'DESI TILL PER KG', '', '264', '1KG', 200, NULL, 700, NULL, 0, NULL, '2023-05-31 05:59:38', 1, '2023-05-31 05:59:38', NULL),
(265, 14, 'DESI TILLI CHINA  PER KG', '', '265', '1KG', 580, NULL, 600, NULL, 0, NULL, '2023-05-31 06:01:06', 1, '2023-05-31 06:01:06', NULL),
(266, 14, 'FAIR LAL MAKAIE PER KG', '', '266', '1KG', 134, NULL, 200, NULL, 0, NULL, '2023-05-31 06:01:51', 1, '2023-05-31 06:01:51', NULL),
(267, 14, 'FAIR LAL MAKAIE 20KG BAG', '', '267', '20KG', 2675, NULL, 3500, NULL, 0, NULL, '2023-05-31 06:02:25', 1, '2023-05-31 06:02:25', NULL),
(268, 14, 'FAIR SEED MAKAIE  W 20KG BAG', '', '268', '20KG', 2675, NULL, 3500, NULL, 0, NULL, '2023-05-31 06:03:28', 1, '2023-05-31 06:03:28', NULL),
(269, 14, 'FAIR SEED MAKAIE W PER KG', '', '269', '1KG', 134, NULL, 200, NULL, 0, NULL, '2023-05-31 06:04:07', 1, '2023-05-31 06:04:07', NULL),
(270, 14, 'GAJJAR 1KG GOREJA SEED', '', '270', '1KG', 1200, NULL, 1600, NULL, 0, NULL, '2023-05-31 06:13:41', 1, '2023-05-31 06:13:41', NULL),
(271, 14, 'GAJJAR 20GM PACKET', '', '271', '20GM', 40, NULL, 60, NULL, 0, NULL, '2023-05-31 06:15:28', 1, '2023-05-31 06:15:28', NULL),
(272, 14, 'GAWAR PER KG', '', '272', '1KG', 205, NULL, 220, NULL, 0, NULL, '2023-05-31 06:16:50', 1, '2023-05-31 06:16:50', NULL),
(273, 14, 'HALWA KADU 50GM GOREJA SEED', '', '273', '50GM', 900, NULL, 1500, NULL, 0, NULL, '2023-05-31 06:18:38', 1, '2023-05-31 06:18:38', NULL),
(274, 14, 'BARSEEM IBN E MANZOOR PER KG', '', '274', '1KG', 415, NULL, 500, NULL, 0, NULL, '2023-05-31 06:21:29', 1, '2023-05-31 06:22:41', NULL),
(275, 14, 'BARSEEM IBN E MANZOOR 5KG PACK PER KG', '', '275', '1KG', 250, NULL, 350, NULL, 0, NULL, '2023-05-31 06:22:20', 1, '2023-05-31 06:22:20', NULL),
(276, 14, 'JAWAR ICI PER KG', '', '276', '1KG', 836, NULL, 900, NULL, 0, NULL, '2023-05-31 06:23:27', 1, '2023-05-31 06:23:27', NULL),
(277, 14, 'JALANDAR MAKAIE 20KG BAG', '', '277', '20KG', 3850, NULL, 4100, NULL, 0, NULL, '2023-05-31 06:24:02', 1, '2023-05-31 06:24:02', NULL),
(278, 14, 'JALANDAR MAKAIE PER KG', '', '278', '1KG', 193, NULL, 210, NULL, 0, NULL, '2023-05-31 06:24:34', 1, '2023-05-31 06:24:34', NULL),
(279, 14, 'JANTAR PER KG', '', '279', '1KG', 218, NULL, 230, NULL, 0, NULL, '2023-05-31 06:25:21', 1, '2023-05-31 06:25:21', NULL),
(280, 14, 'JAOW PER KG', '', '280', '1KG', 93, NULL, 130, NULL, 0, NULL, '2023-05-31 06:29:19', 1, '2023-05-31 06:29:19', NULL),
(281, 14, 'JAWAR SADA BAHAR PER KG', '', '281', '1KG', 142, NULL, 150, NULL, 0, NULL, '2023-05-31 06:30:00', 1, '2023-05-31 06:30:00', NULL),
(282, 14, 'JODAL DESI PER KG', '', '282', '1KG', 143, NULL, 200, NULL, 0, NULL, '2023-05-31 06:30:37', 1, '2023-05-31 06:30:37', NULL),
(283, 14, 'JODAL AUSTRALIA PER K G', '', '283', '1KG', 76, NULL, 200, NULL, 0, NULL, '2023-05-31 06:31:29', 1, '2023-05-31 06:31:29', NULL),
(284, 14, 'JODAL FARMI PER KG', '', '284', '1KG', 172, NULL, 200, NULL, 0, NULL, '2023-05-31 06:32:14', 1, '2023-05-31 06:32:14', NULL),
(285, 14, 'KADU GOAL 50GM HARIS SEED', '', '285', '50GM', 1150, NULL, 1500, NULL, 0, NULL, '2023-05-31 06:40:01', 1, '2023-05-31 06:40:01', NULL),
(286, 14, 'KADU LAMBA 50GM BRIKEL SEED', '', '286', '50GM', 1150, NULL, 1500, NULL, 0, NULL, '2023-05-31 06:41:03', 1, '2023-05-31 06:41:03', NULL),
(287, 14, 'KADU  FEE DANA', '', '287', '1GM', 5, NULL, 10, NULL, 0, NULL, '2023-05-31 06:42:27', 1, '2023-05-31 06:42:27', NULL),
(288, 14, 'KARELA 50GM DABI HAJI SONS', '', '288', '50GM', 1800, NULL, 2200, NULL, 0, NULL, '2023-05-31 06:45:08', 1, '2023-05-31 06:45:08', NULL),
(289, 14, 'KARELA FEE DANA', '', '289', '1G', 6, NULL, 10, NULL, 0, NULL, '2023-05-31 06:45:58', 1, '2023-05-31 06:45:58', NULL),
(290, 14, 'KOREA PER KG', '', '290', '1KG', 79, NULL, 100, NULL, 0, NULL, '2023-05-31 06:46:27', 1, '2023-05-31 06:46:27', NULL),
(291, 14, 'LOSAN 1KG PACK GOREJA SEED', '', '291', '1KG', 800, NULL, 1000, NULL, 0, NULL, '2023-05-31 06:47:08', 1, '2023-05-31 06:47:08', NULL),
(292, 14, 'LOSAN PER KG', '', '292', '1KG', 675, NULL, 750, NULL, 0, NULL, '2023-05-31 06:47:53', 1, '2023-05-31 06:47:53', NULL),
(293, 14, 'JAWAR LUSH GREEN  PER KG WELCON', '', '293', '1KG', 498, NULL, 550, NULL, 0, NULL, '2023-05-31 06:50:01', 1, '2023-05-31 06:50:01', NULL),
(294, 14, 'MAKAIE FMC 20KG BAG', '', '294', '20KG', 2600, NULL, 2800, NULL, 0, NULL, '2023-05-31 06:50:38', 1, '2023-05-31 06:50:38', NULL),
(295, 14, 'MAKAIE FMC PER KG', '', '295', '1KG', 128, NULL, 140, NULL, 0, NULL, '2023-05-31 06:51:20', 1, '2023-05-31 06:52:38', NULL),
(296, 14, 'MAKAIE MALL PER KG', '', '296', '1KG', 66, NULL, 80, NULL, 0, NULL, '2023-05-31 06:52:10', 1, '2023-05-31 06:52:10', NULL),
(297, 14, 'METHRA PER KG', '', '297', '1KG', 163, NULL, 400, NULL, 0, NULL, '2023-05-31 06:58:32', 1, '2023-05-31 06:58:32', NULL),
(298, 14, 'MOLI 400GM SUNWAY', '', '298', '400GM', 650, NULL, 800, NULL, 0, NULL, '2023-05-31 06:59:28', 1, '2023-05-31 06:59:28', NULL),
(299, 14, 'MOLI BALTI 400GM PAK SEED', '', '299', '400GM', 450, NULL, 700, NULL, 0, NULL, '2023-05-31 07:00:08', 1, '2023-05-31 07:00:08', NULL),
(300, 14, 'MOLI FEE PACKET 20GM', '', '300', '20GM', 30, NULL, 60, NULL, 0, NULL, '2023-05-31 07:11:35', 1, '2023-05-31 07:11:35', NULL),
(301, 14, 'MULTI CUT BAJRA 2KG GOREJA SEED', '', '301', '2KG', 240, NULL, 300, NULL, 0, NULL, '2023-05-31 07:12:45', 1, '2023-05-31 07:12:45', NULL),
(302, 14, 'MULTI CUT BAJRA 2KG TAG GOREJA SEED', '', '302', '2KG', 280, NULL, 300, NULL, 0, NULL, '2023-05-31 07:13:35', 1, '2023-05-31 07:13:35', NULL),
(303, 14, 'MUNGI PER KG GOREJA SEED', '', '303', '1KG', 290, NULL, 350, NULL, 0, NULL, '2023-05-31 07:15:06', 1, '2023-05-31 07:15:06', NULL),
(304, 14, 'PAKAWA BAJRA 1.5KG HAJI SONS', '', '304', '1.5KG', 2200, NULL, 2400, NULL, 0, NULL, '2023-05-31 07:16:22', 1, '2023-05-31 07:16:22', NULL),
(305, 14, 'PALAK PER KG', '', '305', '1KG', 250, NULL, 400, NULL, 0, NULL, '2023-05-31 07:17:35', 1, '2023-05-31 07:17:35', NULL),
(306, 14, 'POWER PACK JAWAR FMC PER KG', '', '306', '1KG', 460, NULL, 550, NULL, 0, NULL, '2023-05-31 07:19:11', 1, '2023-05-31 07:19:11', NULL),
(307, 14, 'PROLINE MULTI CUT BAJRA 2KG', '', '307', '2KG', 284, NULL, 300, NULL, 0, NULL, '2023-05-31 07:20:10', 1, '2023-05-31 07:20:10', NULL),
(308, 14, 'PROLINE JAWAR INDIAN PER KG', '', '308', '1KG', 320, NULL, 350, NULL, 0, NULL, '2023-05-31 07:20:44', 1, '2023-05-31 07:20:44', NULL),
(309, 14, 'SALJAM 400GM GOREJA SEED', '', '309', '400GM', 900, NULL, 1400, NULL, 0, NULL, '2023-05-31 07:22:13', 1, '2023-05-31 07:22:13', NULL),
(310, 14, 'SARMI 60RI PER KG', '', '310', '1KG', 176, NULL, 250, NULL, 0, NULL, '2023-05-31 07:23:37', 1, '2023-05-31 07:23:37', NULL),
(311, 14, 'SAWANK PER KG', '', '311', '1KG', 104, NULL, 120, NULL, 0, NULL, '2023-05-31 07:24:21', 1, '2023-05-31 07:24:21', NULL),
(312, 14, 'SORGO JAWAR PER KG FMC', '', '312', '1KG', 450, NULL, 500, NULL, 0, NULL, '2023-06-07 06:47:30', 1, '2023-06-07 06:47:30', NULL),
(313, 14, 'TORI GIYA FEE DANA GOREJA SEED', '', '313', 'DANA', 3, NULL, 10, NULL, 0, NULL, '2023-06-07 06:49:53', 1, '2023-06-07 06:49:53', NULL),
(314, 14, 'TORI GIYA 50GM BIRKAL', '', '314', '50GM', 1300, NULL, 1500, NULL, 0, NULL, '2023-06-07 06:50:53', 1, '2023-06-07 06:50:53', NULL),
(315, 14, 'TORI GIYA 50GM GOREJA SEED', '', '315', '50GM', 1200, NULL, 1500, NULL, 0, NULL, '2023-06-07 07:05:01', 1, '2023-06-07 07:05:01', NULL),
(316, 62, 'BIO AMLA 280ML S MEDIAM RP-300', '', '316', '280ML', 157.29, NULL, 190, NULL, 0, NULL, '2023-06-07 07:23:13', 1, '2023-06-07 07:23:13', NULL),
(317, 62, 'BIO AMLA S 480ML LARGE RP-450', '', '317', '480ML', 242.5, NULL, 350, NULL, 0, NULL, '2023-06-07 07:24:28', 1, '2023-06-07 07:24:28', NULL),
(318, 34, 'HERO SURF 2.5KG', '', '318', '2.5KG', 429, NULL, 500, NULL, 0, NULL, '2023-06-10 10:45:33', 1, '2023-06-10 10:45:33', NULL),
(319, 48, 'BRITE 125GM BAG RP-50', '', '319', 'BAG', 2765, NULL, 2800, NULL, 0, NULL, '2023-06-10 11:07:10', 1, '2023-06-10 11:07:10', NULL),
(320, 48, 'BRITE 125GM FEE PACKET RP-50', '', '320', '125GM', 46.08, NULL, 47, NULL, 0, NULL, '2023-06-10 11:07:54', 1, '2023-06-10 11:07:54', NULL),
(321, 48, 'BRITE 1KG FEE PACKET RP-550', '', '321', '1KG', 510, NULL, 530, NULL, 0, NULL, '2023-06-10 11:08:48', 1, '2023-06-10 11:08:48', NULL),
(322, 48, 'BRITE 1KG CARTON RP-550', '', '322', '1KG', 6120, NULL, 6200, NULL, 0, NULL, '2023-06-10 11:09:35', 1, '2023-06-10 11:09:35', NULL),
(323, 48, 'BRITE 23GM BAG RP-10', '', '323', 'BAG', 2590, NULL, 2640, NULL, 0, NULL, '2023-06-10 11:10:31', 1, '2023-06-10 11:10:31', NULL),
(324, 48, 'BRITE 23GM FEE DOZEN RP-10', '', '324', 'BAG', 107.92, NULL, 110, NULL, 0, NULL, '2023-06-10 11:11:22', 1, '2023-06-10 11:11:22', NULL),
(325, 48, 'BRITE 45GM BAG RP-20', '', '325', 'BAG', 2150, NULL, 2250, NULL, 0, NULL, '2023-06-10 11:12:00', 1, '2023-06-10 11:12:00', NULL),
(326, 48, 'BRITE 45GM FEE DOZEN RP-20', '', '326', 'DOZEN', 215, NULL, 225, NULL, 0, NULL, '2023-06-10 11:12:47', 1, '2023-06-10 11:12:47', NULL),
(327, 48, 'BRITE 500GM CARTON RP-275', '', '327', 'CARTON', 6120, NULL, 6200, NULL, 0, NULL, '2023-06-10 11:13:20', 1, '2023-06-10 11:13:20', NULL),
(328, 48, 'BRITE 500GM FEE PACKET RP-275', '', '328', '500GM', 255, NULL, 265, NULL, 0, NULL, '2023-06-10 11:14:08', 1, '2023-06-10 11:14:08', NULL),
(329, 48, 'COLGATE HARBAL FEE DOZEN RP-30', '', '329', 'DOZEN', 310, NULL, 320, NULL, 0, NULL, '2023-06-10 11:14:54', 1, '2023-06-10 11:14:54', NULL),
(330, 48, 'COLGATE HARBAL RP-60', '', '330', 'TUBE', 52, NULL, 55, NULL, 0, NULL, '2023-06-10 11:16:33', 1, '2023-06-10 11:16:33', NULL),
(331, 48, 'EXPRESS 1KG CARTON RP-450', '', '331', 'CARTON', 4920, NULL, 5000, NULL, 0, NULL, '2023-06-10 11:17:43', 1, '2023-06-10 11:17:43', NULL),
(332, 48, 'EXPRESS 500GM CARTON RP-225', '', '332', 'CARTON', 4968, NULL, 5020, NULL, 0, NULL, '2023-06-10 11:18:30', 1, '2023-06-10 11:18:30', NULL),
(333, 48, 'EXPRESS 140GM RP-50', '', '333', '140GM', 45.5, NULL, 47, NULL, 0, NULL, '2023-06-10 11:19:45', 1, '2023-06-10 11:19:45', NULL),
(334, 48, 'EXPRESS 1KG RP-450', '', '334', '1KG', 412.92, NULL, 430, NULL, 0, NULL, '2023-06-10 11:20:27', 1, '2023-06-10 11:20:27', NULL),
(335, 48, 'EXPRESS 500GM RP-225', '', '335', '500GM', 207, NULL, 215, NULL, 0, NULL, '2023-06-10 11:23:48', 1, '2023-06-10 11:23:48', NULL),
(336, 48, 'EXPREE 30GM FEE DOZEN RP-10', '', '336', 'DOZEN', 107, NULL, 110, NULL, 0, NULL, '2023-06-10 11:24:37', 1, '2023-06-10 11:24:37', NULL),
(337, 48, 'BONAS 1KG BAG RP-220', '', '337', 'BAG', 2400, NULL, 2460, NULL, 0, NULL, '2023-06-10 11:25:32', 1, '2023-06-10 11:25:32', NULL),
(338, 48, 'BONAS 1KG FEE PACKET RP-220', '', '338', '1KG', 200, NULL, 210, NULL, 0, NULL, '2023-06-10 11:26:28', 1, '2023-06-10 11:26:28', NULL),
(339, 48, 'BONAS 240GM RP-50', '', '339', '240GM', 45.23, NULL, 47, NULL, 0, NULL, '2023-06-10 11:26:57', 1, '2023-06-10 11:26:57', NULL),
(340, 48, 'BONAS 240GM 42 PACKET BAG RP-50', '', '340', 'BAG', 1900, NULL, 1950, NULL, 0, NULL, '2023-06-10 11:28:17', 1, '2023-06-10 11:28:17', NULL),
(341, 48, 'BONAS 470GM FEE PACKET RP-100', '', '341', '470GM', 90.2, NULL, 95, NULL, 0, NULL, '2023-06-10 11:29:01', 1, '2023-06-10 11:29:01', NULL),
(342, 48, 'BONAS 470GM BAG RP-100', '', '342', 'BAG', 2165, NULL, 2210, NULL, 0, NULL, '2023-06-10 11:29:45', 1, '2023-06-10 11:29:45', NULL),
(343, 48, 'BONAS 50GM 16 DOZEN BAG  RP-10', '', '343', 'BAG', 1730, NULL, 1760, NULL, 0, NULL, '2023-06-10 11:30:33', 1, '2023-06-10 11:30:33', NULL),
(344, 48, 'BONAS 50GM FEE DOZEN RP-10', '', '344', 'DOZEN', 108.13, NULL, 110, NULL, 0, NULL, '2023-06-10 11:31:18', 1, '2023-06-10 11:31:18', NULL),
(345, 48, 'TOOTH BURSH RP-40', '', '345', 'BURSH', 28.04, NULL, 33, NULL, 0, NULL, '2023-06-10 11:32:00', 1, '2023-06-10 11:32:00', NULL),
(346, 48, 'TOOTH BURSH RP-50', '', '346', 'BURSH', 36, NULL, 40, NULL, 0, NULL, '2023-06-10 11:32:49', 1, '2023-06-10 11:32:49', NULL),
(347, 48, 'PALMOLIVE SHAMPO 180ML RP-330', '', '347', '180ML', 265.25, NULL, 280, NULL, 0, NULL, '2023-06-10 11:33:42', 1, '2023-06-10 11:33:42', NULL),
(348, 48, 'PALMOLIVE SHAMPO 80ML RP-130', '', '348', '80ML', 119.25, NULL, 120, NULL, 0, NULL, '2023-06-10 11:34:22', 1, '2023-06-10 11:34:22', NULL),
(349, 48, 'PALMOLIVE SOAP 135GM RP-125', '', '349', '135GM', 107, NULL, 110, NULL, 0, NULL, '2023-06-10 11:35:04', 1, '2023-06-10 11:35:04', NULL),
(350, 65, 'SENSODYNE 30GM CP RP-90', '', '350', '30GM', 79.2, NULL, 85, NULL, 0, NULL, '2023-06-10 11:37:06', 1, '2023-06-10 11:37:06', NULL),
(351, 65, 'SENSODYNE 30GM F RP-110', '', '351', '30GM', 96.8, NULL, 100, NULL, 0, NULL, '2023-06-10 11:37:51', 1, '2023-06-10 11:39:51', NULL),
(352, 65, 'SENSODYNE 30GM RA RP-120', '', '352', '30GM', 105.6, NULL, 110, NULL, 0, NULL, '2023-06-10 11:39:37', 1, '2023-06-10 11:39:37', NULL),
(353, 65, 'TIGER LOTION 10PATA PACK RP-100', '', '353', 'PATA', 84, NULL, 90, NULL, 0, NULL, '2023-06-10 11:41:56', 1, '2023-06-10 11:41:56', NULL),
(354, 65, 'TIGER LOTION LARGE 100ML RP-150', '', '354', '100ML', 120, NULL, 130, NULL, 0, NULL, '2023-06-10 11:43:16', 1, '2023-06-10 11:43:16', NULL),
(355, 65, 'TIGER LOTION FEE PATA RP-10', '', '355', 'PATA', 8.4, NULL, 10, NULL, 0, NULL, '2023-06-10 11:46:24', 1, '2023-06-10 11:46:24', NULL),
(356, 65, 'TIGER LOTION SMALL RP-90', '', '356', 'BOTTLE', 65, NULL, 80, NULL, 0, NULL, '2023-06-10 11:48:01', 1, '2023-06-10 11:48:01', NULL),
(357, 65, 'TIGER POWDER 125GM  RP-60', '', '357', '125GM', 41.67, NULL, 50, NULL, 0, NULL, '2023-06-10 11:48:46', 1, '2023-06-10 11:48:46', NULL),
(358, 65, 'ZERO MOSS LOTION BOX RP-300', '', '358', 'BOX', 220, NULL, 250, NULL, 0, NULL, '2023-06-10 11:49:59', 1, '2023-06-10 11:49:59', NULL),
(359, 65, 'ZERO MOSS LOTION FEE PATA RP-10', '', '359', 'PATA', 7.33, NULL, 10, NULL, 0, NULL, '2023-06-10 11:51:19', 1, '2023-06-10 11:51:19', NULL),
(360, 66, 'KING TOX 300ML RP-380', '', '360', '300ML', 333, NULL, 355, NULL, 0, NULL, '2023-06-10 12:07:00', 1, '2023-06-10 12:07:00', NULL),
(361, 62, 'TIBET SOAP 125GM RP-100', '', '361', '125GM', 87.08, NULL, 90, NULL, 0, NULL, '2023-06-10 12:15:29', 1, '2023-06-10 12:15:29', NULL);
INSERT INTO `products` (`id`, `company_id`, `product_name`, `product_icon`, `barcode`, `size`, `old_purchase_price`, `new_purchase_price`, `sale_price`, `expiry_date`, `stock_balance`, `deleted_at`, `created_at`, `created_by`, `updated_at`, `updated_by`) VALUES
(362, 62, 'TIBET SOAP 40GM RP-35', '', '362', '40GM', 31.25, NULL, 33, NULL, 0, NULL, '2023-06-10 12:16:10', 1, '2023-06-10 12:16:10', NULL),
(363, 31, 'MURGH MARKA SEWAYA FEE PACKET RP-60', '', '363', 'PACKET', 52, NULL, 55, NULL, 0, NULL, '2023-06-10 12:43:06', 1, '2023-06-10 12:43:06', NULL),
(364, 36, 'ABLE BAIT MAKHI MAR DAWI', '', '364', 'PACKET', 22, NULL, 50, NULL, 0, NULL, '2023-06-12 06:05:41', 1, '2023-06-12 06:05:41', NULL),
(365, 36, 'ACCELERATOR 8KG WELCON', '', '365', '8KG', 875, NULL, 2000, NULL, 0, NULL, '2023-06-12 06:09:04', 1, '2023-06-12 06:09:04', NULL),
(366, 36, 'ACEPHATE 250GM AGRO MARK', '', '366', '250GM', 350, NULL, 500, NULL, 0, NULL, '2023-06-12 06:10:57', 1, '2023-06-12 06:10:57', NULL),
(367, 36, 'ACETACHLOR 100ML AGRO MARK', '', '367', '100ML', 150, NULL, 200, NULL, 0, NULL, '2023-06-12 06:11:50', 1, '2023-06-12 06:11:50', NULL),
(368, 36, 'ACETACHLOR 500ML LEADR AG', '', '368', '500ML', 270, NULL, 600, NULL, 0, NULL, '2023-06-12 06:12:59', 1, '2023-06-12 06:12:59', NULL),
(369, 36, 'ACITOX 250ML SAC', '', '369', '250ML', 776, NULL, 950, NULL, 0, NULL, '2023-06-12 06:13:51', 1, '2023-06-12 06:13:51', NULL),
(370, 36, 'ACTION 100GM WELCON', '', '370', '100GM', 180, NULL, 420, NULL, 0, NULL, '2023-06-12 06:14:28', 1, '2023-06-12 06:14:28', NULL),
(371, 36, 'ACTION 200GM WELCON', '', '371', '200GM', 415, NULL, 850, NULL, 0, NULL, '2023-06-12 06:15:13', 1, '2023-06-12 06:15:13', NULL),
(372, 36, 'ACTIVE SOUL NPK PER KG KANZO AG', '', '372', '1KG', 476, NULL, 800, NULL, 0, NULL, '2023-06-12 06:16:05', 1, '2023-06-12 06:16:05', NULL),
(373, 36, 'AGRO GARD 500ML WELCON', '', '373', '500ML', 669, NULL, 950, NULL, 0, NULL, '2023-06-12 06:17:32', 1, '2023-06-12 06:17:32', NULL),
(374, 36, 'AGRO LEZA 1KG WELCON', '', '374', '1KG', 395, NULL, 800, NULL, 0, NULL, '2023-06-12 06:20:54', 1, '2023-06-12 06:20:54', NULL),
(375, 36, 'ALANZO 100GM WELCON', '', '375', '100GM', 216, NULL, 300, NULL, 0, NULL, '2023-06-12 06:27:53', 1, '2023-06-12 06:27:53', NULL),
(376, 36, 'ALANZO 400GM WELCON', '', '376', '400GM', 792, NULL, 1000, NULL, 0, NULL, '2023-06-12 06:28:35', 1, '2023-06-12 06:28:35', NULL),
(377, 36, 'ALTUM K 1LTR SAC', '', '377', '1LTR', 1077, NULL, 2150, NULL, 0, NULL, '2023-06-12 06:30:06', 1, '2023-06-12 06:30:06', NULL),
(378, 36, 'AMIGO 200ML SAC', '', '378', '200ML', 447, NULL, 690, NULL, 0, NULL, '2023-06-12 08:39:10', 1, '2023-06-12 08:39:10', NULL),
(379, 36, 'AMIGO 400ML SAC', '', '379', '400ML', 976, NULL, 1200, NULL, 0, NULL, '2023-06-12 08:40:33', 1, '2023-06-12 08:40:33', NULL),
(380, 36, 'AMMONIUM SALPHATE ENGRO 50KG', '', '380', '50KG', 1910, NULL, 4000, NULL, 0, NULL, '2023-06-12 08:42:00', 1, '2023-06-12 08:42:00', NULL),
(381, 36, 'AMMONIUM SALPHATE FMC 50KG', '', '381', '50KG', 2821, NULL, 4000, NULL, 0, NULL, '2023-06-12 08:42:53', 1, '2023-06-12 08:42:53', NULL),
(382, 36, 'AMMONIUM SALPHATE SAC 50KG', '', '382', '50KG', 4000, NULL, 4500, NULL, 0, NULL, '2023-06-12 08:44:52', 1, '2023-06-12 08:44:52', NULL),
(383, 36, 'ANDIJING 800ML ARYSTA', '', '383', '800ML', 1747, NULL, 2100, NULL, 0, NULL, '2023-06-12 08:45:53', 1, '2023-06-12 08:45:53', NULL),
(384, 36, 'ARGYL SUPER 50GM KANZO AG', '', '384', '50GM', 370, NULL, 430, NULL, 0, NULL, '2023-06-12 08:49:36', 1, '2023-06-12 08:49:36', NULL),
(385, 36, 'ASSET 400ML WELCON', '', '385', '400ML', 700, NULL, 900, NULL, 0, NULL, '2023-06-12 08:50:29', 1, '2023-06-12 08:50:29', NULL),
(386, 36, 'ASSET 800ML WELCON', '', '386', '800ML', 1080, NULL, 1700, NULL, 0, NULL, '2023-06-12 08:52:15', 1, '2023-06-12 08:52:15', NULL),
(387, 36, 'ASTRIS GOLD 100ML SAC', '', '387', '100ML', 788, NULL, 990, NULL, 0, NULL, '2023-06-12 08:52:55', 1, '2023-06-12 08:52:55', NULL),
(388, 36, 'ATRAZINE 500ML LEADR AG', '', '388', '500ML', 535, NULL, 800, NULL, 0, NULL, '2023-06-12 08:53:37', 1, '2023-06-12 08:53:37', NULL),
(389, 36, 'AXXIPROX 500ML SAC', '', '389', '500ML', 835, NULL, 1000, NULL, 0, NULL, '2023-06-12 08:54:12', 1, '2023-06-12 08:54:12', NULL),
(390, 36, 'AZOFERT DAPSOL 100GM NFC HAQ SONS', '', '390', '100GM', 300, NULL, 400, NULL, 0, NULL, '2023-06-12 08:55:59', 1, '2023-06-12 08:55:59', NULL),
(391, 36, 'BARAN 8KG SAC', '', '391', '8KG', 1472, NULL, 1950, NULL, 0, NULL, '2023-06-12 09:36:22', 1, '2023-06-12 09:36:22', NULL),
(392, 36, 'BARANDA 1 LTR SAC', '', '392', '1LTR', 1015, NULL, 1350, NULL, 0, NULL, '2023-06-12 09:37:19', 1, '2023-06-12 09:37:19', NULL),
(393, 36, 'BARANDA 250ML SAC', '', '393', '250ML', 336, NULL, 450, NULL, 0, NULL, '2023-06-12 09:38:02', 1, '2023-06-12 09:38:02', NULL),
(394, 36, 'BARNAR 1 LITR WELCON', '', '394', '1LTR', 970, NULL, 1300, NULL, 0, NULL, '2023-06-12 09:38:59', 1, '2023-06-12 09:38:59', NULL),
(395, 36, 'BERMUDA 360ML AGRO MARK', '', '395', '360ML', 850, NULL, 1200, NULL, 0, NULL, '2023-06-12 09:40:18', 1, '2023-06-12 09:40:18', NULL),
(396, 36, 'BIFENTHRIN 500ML PAK STAR', '', '396', '500ML', 780, NULL, 1000, NULL, 0, NULL, '2023-06-12 09:41:55', 1, '2023-06-12 09:41:55', NULL),
(397, 36, 'BIG HIT 200GM KANZO AG', '', '397', '200GM', 1032, NULL, 1300, NULL, 0, NULL, '2023-06-12 09:42:57', 1, '2023-06-12 09:42:57', NULL),
(398, 36, 'BOLTON 400ML SAC', '', '398', '400ML', 1216, NULL, 1600, NULL, 0, NULL, '2023-06-12 09:47:38', 1, '2023-06-12 09:47:38', NULL),
(399, 36, 'BOP 50KG WELCON', '', '399', '50KG', 2720, NULL, 3200, NULL, 0, NULL, '2023-06-12 09:49:36', 1, '2023-06-12 09:49:36', NULL),
(400, 36, 'BORDOX SUPER 500ML SAC', '', '400', '500ML', 1016, NULL, 1300, NULL, 0, NULL, '2023-06-12 09:50:51', 1, '2023-06-12 09:50:51', NULL),
(401, 36, 'BROMOXNIL 400ML MY LAND', '', '401', '400ML', 680, NULL, 850, NULL, 0, NULL, '2023-06-12 09:52:04', 1, '2023-06-12 09:54:47', NULL),
(402, 36, 'BROMOXNIL 800ML MY LAND', '', '402', '800ML', 1260, NULL, 1500, NULL, 0, NULL, '2023-06-12 09:54:24', 1, '2023-06-12 09:54:24', NULL),
(403, 36, 'BUCTRIL SUPER 300ML BAYER', '', '403', '300ML', 768, NULL, 900, NULL, 0, NULL, '2023-06-12 09:55:56', 1, '2023-06-12 09:55:56', NULL),
(404, 36, 'BUCTRIL SUPER 900ML BAYER', '', '404', '900ML', 2260, NULL, 2650, NULL, 0, NULL, '2023-06-12 09:56:54', 1, '2023-06-12 09:56:54', NULL),
(405, 36, 'CALOROPHRIPHOS SUPER SIDEN 1LTR AGRO LIX', '', '405', '1LTR', 1385, NULL, 1800, NULL, 0, NULL, '2023-06-12 09:58:52', 1, '2023-06-12 09:58:52', NULL),
(406, 36, 'CALOROPHRIPHOS SUPER SIDEN 250ML AGRO LIX', '', '406', '250ML', 392, NULL, 700, NULL, 0, NULL, '2023-06-12 09:59:41', 1, '2023-06-12 09:59:41', NULL),
(407, 36, 'CALOROPHRIPHOS 1LTR SAC', '', '407', '1LTR', 2037, NULL, 2750, NULL, 0, NULL, '2023-06-12 10:00:52', 1, '2023-06-12 10:00:52', NULL),
(408, 36, 'CALOROPHRIPHOS 1LTR ADVANCE AGRO', '', '408', '1LTR', 900, NULL, 1800, NULL, 0, NULL, '2023-06-12 10:02:55', 1, '2023-06-12 10:02:55', NULL),
(409, 36, 'CARBOFURAN 8KG AGRO MARK', '', '409', '8KG', 1180, NULL, 1500, NULL, 0, NULL, '2023-06-12 10:04:15', 1, '2023-06-12 10:04:15', NULL),
(410, 36, 'CERTAIN PLUS 250ML KANZO AG', '', '410', '250ML', 440, NULL, 560, NULL, 0, NULL, '2023-06-12 10:05:07', 1, '2023-06-12 10:05:07', NULL),
(411, 36, 'CERTAIN PLUS 500ML KANZO AG', '', '411', '500ML', 850, NULL, 1080, NULL, 0, NULL, '2023-06-12 10:06:39', 1, '2023-06-12 10:06:39', NULL),
(412, 36, 'CLICK 1 LITR KANZO AG', '', '412', '1LTR', 1000, NULL, 1150, NULL, 0, NULL, '2023-06-12 10:08:01', 1, '2023-06-12 10:08:01', NULL),
(413, 36, 'CLOVER 80GM WELCON', '', '413', '80GM', 440, NULL, 700, NULL, 0, NULL, '2023-06-12 10:10:40', 1, '2023-06-12 10:10:40', NULL),
(414, 36, 'CONFRIM 320GM KANZO AG', '', '414', '320GM', 1271, NULL, 1500, NULL, 0, NULL, '2023-06-12 10:13:16', 1, '2023-06-12 10:13:16', NULL),
(415, 36, 'CORAGEN 50ML FMC', '', '415', '50ML', 850, NULL, 950, NULL, 0, NULL, '2023-06-12 10:45:58', 1, '2023-06-12 10:45:58', NULL),
(416, 36, 'CUSTOM 1 LITR WELCON', '', '416', '1LTR', 1725, NULL, 2000, NULL, 0, NULL, '2023-06-12 10:46:57', 1, '2023-06-12 10:46:57', NULL),
(417, 36, 'CUSTOM 250ML WELCON', '', '417', '250ML', 281, NULL, 600, NULL, 0, NULL, '2023-06-12 10:47:31', 1, '2023-06-12 10:47:31', NULL),
(418, 36, 'CYREN 1 LITR SAC', '', '418', '1LTR', 3260, NULL, 3900, NULL, 0, NULL, '2023-06-12 10:48:31', 1, '2023-06-12 10:48:31', NULL),
(419, 36, 'DANADIM 500ML SAC', '', '419', '500ML', 1200, NULL, 1300, NULL, 0, NULL, '2023-06-12 10:50:42', 1, '2023-06-12 10:50:42', NULL),
(420, 36, 'DAYA FENTHORAN 200ML SAC', '', '420', '200GM', 851, NULL, 1000, NULL, 0, NULL, '2023-06-12 10:52:04', 1, '2023-06-12 10:52:04', NULL),
(421, 36, 'DAZZ 250ML SAC', '', '421', '250ML', 2020, NULL, 2500, NULL, 0, NULL, '2023-06-12 10:52:46', 1, '2023-06-12 10:52:46', NULL),
(422, 36, 'DEFT 40GM AGRO MARK', '', '422', '40GM', 135, NULL, 200, NULL, 0, NULL, '2023-06-12 10:53:39', 1, '2023-06-12 10:53:39', NULL),
(423, 36, 'DIFENOCONAZOLE 250ML WELCON', '', '423', '250ML', 629, NULL, 1100, NULL, 0, NULL, '2023-06-12 10:54:35', 1, '2023-06-12 10:54:35', NULL),
(424, 36, 'DOMINO 7KG WELCON', '', '424', '7KG', 720, NULL, 1200, NULL, 0, NULL, '2023-06-12 10:55:11', 1, '2023-06-12 10:55:11', NULL),
(425, 36, 'DOUBLE NPK 500GM 15.18.18.AGRO LIX', '', '425', '500GM', 543, NULL, 850, NULL, 0, NULL, '2023-06-12 10:56:25', 1, '2023-06-12 10:56:25', NULL),
(426, 36, 'EMAMACTIN 1 LITR AGRO MARK', '', '426', '1LTR', 1145, NULL, 1400, NULL, 0, NULL, '2023-06-12 10:57:55', 1, '2023-06-12 10:57:55', NULL),
(427, 36, 'EMAMACTIN 200ML LEADR AG', '', '427', '200ML', 275, NULL, 400, NULL, 0, NULL, '2023-06-12 10:59:36', 1, '2023-06-12 10:59:36', NULL),
(428, 36, 'EMAMACTIN 400ML LEADR AG', '', '428', '400ML', 390, NULL, 700, NULL, 0, NULL, '2023-06-12 11:00:19', 1, '2023-06-12 11:00:19', NULL),
(429, 36, 'EMAMACTIN 400ML PAK STAR', '', '429', '400ML', 500, NULL, 650, NULL, 0, NULL, '2023-06-12 11:01:14', 1, '2023-06-12 11:01:14', NULL),
(430, 36, 'ENERGY 7KG SAVER', '', '430', '7KG', 490, NULL, 800, NULL, 0, NULL, '2023-06-12 11:02:08', 1, '2023-06-12 11:02:08', NULL),
(431, 36, 'ENSURE 1 LITR WELCON', '', '431', '1LTR', 735, NULL, 1500, NULL, 0, NULL, '2023-06-12 11:03:28', 1, '2023-06-12 11:03:28', NULL),
(432, 36, 'FANTIC M 250GM SAC', '', '432', '250GM', 779, NULL, 950, NULL, 0, NULL, '2023-06-12 11:24:49', 1, '2023-06-12 11:24:49', NULL),
(433, 36, 'FAWARA GANDUM', '', '433', 'BOX', 15, NULL, 30, NULL, 0, NULL, '2023-06-12 11:25:31', 1, '2023-06-12 11:25:31', NULL),
(434, 36, 'FAWARA KAPAS WALA', '', '434', 'BOX', 40, NULL, 100, NULL, 0, NULL, '2023-06-12 11:26:27', 1, '2023-06-12 11:26:27', NULL),
(435, 36, 'FEDONA 100ML SAC', '', '435', '100ML', 573, NULL, 790, NULL, 0, NULL, '2023-06-12 11:27:07', 1, '2023-06-12 11:27:07', NULL),
(436, 36, 'FEDONA 200ML SAC', '', '436', '200ML', 800, NULL, 1500, NULL, 0, NULL, '2023-06-12 11:27:43', 1, '2023-06-12 11:27:43', NULL),
(437, 36, 'FENGLE 250GM WELCON', '', '437', '250GM', 245, NULL, 500, NULL, 0, NULL, '2023-06-12 11:28:19', 1, '2023-06-12 11:28:19', NULL),
(438, 36, 'FERTERRA 4KG FMC', '', '438', '4KG', 835, NULL, 1300, NULL, 0, NULL, '2023-06-12 11:29:06', 1, '2023-06-12 11:29:06', NULL),
(439, 36, 'SOP FMC 25KG GARANULAR', '', '439', '25KG', 7700, NULL, 8500, NULL, 0, NULL, '2023-06-12 11:30:03', 1, '2023-06-12 11:30:03', NULL),
(440, 36, 'SOP FMC ULTRA POWDER 25KG', '', '440', '25KG', 12320, NULL, 14000, NULL, 0, NULL, '2023-06-12 11:31:14', 1, '2023-06-12 11:31:14', NULL),
(441, 36, 'FOLIAREL PLUS 125GM WELCON', '', '441', '125GM', 245, NULL, 450, NULL, 0, NULL, '2023-06-12 11:32:41', 1, '2023-06-12 11:32:41', NULL),
(442, 36, 'SOP FULL FAROOT POWDER  25KG WELCON', '', '442', '25KG', 3300, NULL, 7000, NULL, 0, NULL, '2023-06-12 11:34:11', 1, '2023-06-12 11:34:11', NULL),
(443, 36, 'FURTI NS PLUS 10KG SALPHAR SAC', '', '443', '10KG', 2664, NULL, 3700, NULL, 0, NULL, '2023-06-12 11:37:25', 1, '2023-06-12 11:37:25', NULL),
(444, 36, 'GANDUM CAPSOULE 10PACK', '', '444', 'BOX', 129, NULL, 150, NULL, 0, NULL, '2023-06-12 11:38:20', 1, '2023-06-12 11:38:20', NULL),
(445, 36, 'GANDUM FEE GOLI', '', '445', 'BOX', 5.7, NULL, 15, NULL, 0, NULL, '2023-06-12 11:39:22', 1, '2023-06-12 11:39:22', NULL),
(446, 36, 'GANDUM GOLI 1.5KG PACK LEADR AG', '', '446', 'BOX', 2850, NULL, 4600, NULL, 0, NULL, '2023-06-12 11:40:26', 1, '2023-06-12 11:40:26', NULL),
(447, 36, 'GANDUM GOLIYA 32 CAPSULE PACK AGRO', '', '447', 'BOX', 2550, NULL, 4400, NULL, 0, NULL, '2023-06-12 11:41:28', 1, '2023-06-12 11:41:28', NULL),
(448, 36, 'GANDUM GOLIYA 16 CAPSULE PACK ARYSTA', '', '448', 'BOX', 2050, NULL, 2400, NULL, 0, NULL, '2023-06-12 11:42:44', 1, '2023-06-12 11:42:44', NULL),
(449, 36, 'GANGWEI 1LITR AGRO LIX', '', '449', '1LTR', 1850, NULL, 2200, NULL, 0, NULL, '2023-06-12 11:43:32', 1, '2023-06-12 11:43:32', NULL),
(450, 36, 'GANGWEI 1LITR MY LAND', '', '450', '1LTR', 1330, NULL, 1700, NULL, 0, NULL, '2023-06-12 11:44:12', 1, '2023-06-12 11:44:12', NULL),
(451, 36, 'GOBBLE 240ML WELCON', '', '451', '240ML', 375, NULL, 600, NULL, 0, NULL, '2023-06-12 11:44:46', 1, '2023-06-12 11:44:46', NULL),
(452, 36, 'HARVESTER 200ML KANZO AG', '', '452', '200ML', 521, NULL, 600, NULL, 0, NULL, '2023-06-12 11:45:33', 1, '2023-06-12 11:45:33', NULL),
(453, 36, 'HARVESTER 400ML KANZO AG', '', '453', '400ML', 1009, NULL, 1200, NULL, 0, NULL, '2023-06-12 11:46:14', 1, '2023-06-12 11:46:14', NULL),
(454, 36, 'HEAD LAND MULTI 150GM SAC', '', '454', '150GM', 582, NULL, 740, NULL, 0, NULL, '2023-06-12 11:47:40', 1, '2023-06-12 11:47:40', NULL),
(455, 36, 'HEAD LAND ZN 150GM SAC', '', '455', '150GM', 542, NULL, 790, NULL, 0, NULL, '2023-06-12 11:49:30', 1, '2023-06-12 11:49:30', NULL),
(456, 36, 'HEAD LAND ZN 500GM SAC', '', '456', '500GM', 1600, NULL, 2150, NULL, 0, NULL, '2023-06-12 11:50:52', 1, '2023-06-12 11:50:52', NULL),
(457, 36, 'HI EXPERT 100ML WELCON', '', '457', '100ML', 820, NULL, 950, NULL, 0, NULL, '2023-06-12 11:55:45', 1, '2023-06-12 11:55:45', NULL),
(458, 36, 'HI K PHOS 1LITR  SAC', '', '458', '1LTR', 850, NULL, 1000, NULL, 0, NULL, '2023-06-12 11:57:08', 1, '2023-06-12 11:57:08', NULL),
(459, 36, 'HI TEXTURE 400ML WELCON', '', '459', '400ML', 560, NULL, 800, NULL, 0, NULL, '2023-06-12 11:58:02', 1, '2023-06-12 11:58:02', NULL),
(460, 36, 'HI YIELD 1KG WELCON', '', '460', '1KG', 485, NULL, 850, NULL, 0, NULL, '2023-06-12 11:58:56', 1, '2023-06-12 11:58:56', NULL),
(461, 36, 'HI YIELD 250GM  WELCON', '', '461', '250GM', 102, NULL, 270, NULL, 0, NULL, '2023-06-12 11:59:56', 1, '2023-06-12 11:59:56', NULL),
(462, 36, 'HISPER 1LITR WELCON', '', '462', '1LTR', 575, NULL, 800, NULL, 0, NULL, '2023-06-12 12:05:40', 1, '2023-06-12 12:05:40', NULL),
(463, 36, 'HISPER 250ML WELCON', '', '463', '250ML', 195, NULL, 300, NULL, 0, NULL, '2023-06-12 12:06:26', 1, '2023-06-12 12:06:26', NULL),
(464, 36, 'INDEX 200ML WELCON', '', '464', '200ML', 330, NULL, 450, NULL, 0, NULL, '2023-06-12 12:08:25', 1, '2023-06-12 12:08:25', NULL),
(465, 36, 'INDEX 400ML WELCON', '', '465', '400ML', 615, NULL, 850, NULL, 0, NULL, '2023-06-12 12:09:04', 1, '2023-06-12 12:09:04', NULL),
(466, 36, 'JABER PLUS 6KG AGRO LIX', '', '466', '6KG', 1250, NULL, 1500, NULL, 0, NULL, '2023-06-12 12:10:10', 1, '2023-06-12 12:10:10', NULL),
(467, 36, 'JAILOR 8KG WELCON', '', '467', '8KG', 900, NULL, 1200, NULL, 0, NULL, '2023-06-12 12:10:48', 1, '2023-06-12 12:10:48', NULL),
(468, 36, 'JASPER 200ML WELCON', '', '468', '200ML', 445, NULL, 600, NULL, 0, NULL, '2023-06-12 12:11:31', 1, '2023-06-12 12:11:31', NULL),
(469, 36, 'JASPER 400ML WELCON', '', '469', '400ML', 473, NULL, 850, NULL, 0, NULL, '2023-06-12 12:12:07', 1, '2023-06-12 12:12:07', NULL),
(470, 36, 'JE JE JING 100ML AGRO MARK', '', '470', '100ML', 850, NULL, 1200, NULL, 0, NULL, '2023-06-12 12:13:41', 1, '2023-06-12 12:13:41', NULL),
(471, 36, 'JUGLA 4LITR WELCON', '', '471', '4LITR', 852, NULL, 1200, NULL, 0, NULL, '2023-06-12 12:15:46', 1, '2023-06-12 12:15:46', NULL),
(472, 36, 'JUGLAM 500ML WELCON', '', '472', '500ML', 402, NULL, 800, NULL, 0, NULL, '2023-06-12 12:24:19', 1, '2023-06-12 12:24:19', NULL),
(473, 36, 'KANSOL 500ML AGRO LIX', '', '473', '500ML', 522, NULL, 950, NULL, 0, NULL, '2023-06-12 12:25:42', 1, '2023-06-12 12:25:42', NULL),
(474, 36, 'KARGIL 200ML AGRO LIX', '', '474', '200ML', 280, NULL, 400, NULL, 0, NULL, '2023-06-12 12:26:58', 1, '2023-06-12 12:26:58', NULL),
(475, 36, 'KARGIL 400ML AGRO LIX', '', '475', '400ML', 495, NULL, 800, NULL, 0, NULL, '2023-06-12 12:27:43', 1, '2023-06-12 12:27:43', NULL),
(476, 36, 'KILL BOR 8KG SAC', '', '476', '8KG', 1621, NULL, 2100, NULL, 0, NULL, '2023-06-12 12:28:39', 1, '2023-06-12 12:28:39', NULL),
(477, 36, 'LAMDA 1LITR PAK STAR', '', '477', '1LTR', 650, NULL, 900, NULL, 0, NULL, '2023-06-13 11:17:57', 1, '2023-06-13 11:17:57', NULL),
(478, 36, 'LAMDA 1 LITR MY LAND', '', '478', '1LTR', 470, NULL, 900, NULL, 0, NULL, '2023-06-13 11:18:52', 1, '2023-06-13 11:18:52', NULL),
(479, 36, 'LAMDA 250ML AGRO MARK', '', '479', '250ML', 145, NULL, 350, NULL, 0, NULL, '2023-06-13 11:19:53', 1, '2023-06-13 11:19:53', NULL),
(480, 36, 'LAMDA 500ML AGRO MARK', '', '480', '500ML', 215, NULL, 500, NULL, 0, NULL, '2023-06-13 11:20:29', 1, '2023-06-13 11:20:29', NULL),
(481, 36, 'MASHROOM 100GM AGRO LIX', '', '481', '100GM', 198, NULL, 650, NULL, 0, NULL, '2023-06-13 11:21:32', 1, '2023-06-13 11:21:32', NULL),
(482, 36, 'METRIBUZIN 50GM BAGBHAN', '', '482', '50GM', 310, 300, 500, NULL, 1, NULL, '2023-06-13 11:22:38', 1, '2023-10-02 02:13:33', 1),
(483, 36, 'MONO MI HAPO 7KG SAC', '', '483', '7KG', 1010, NULL, 1250, NULL, 0, NULL, '2023-06-13 11:25:54', 1, '2023-06-13 11:25:54', NULL),
(484, 36, 'MONO MI HAPO 7KG MY LAND', '', '484', '7KG', 7000, NULL, 1000, NULL, 0, NULL, '2023-06-13 11:29:13', 1, '2023-06-13 11:29:13', NULL),
(485, 36, 'MOOVER PLUS 8KG KANZO AG', '', '485', '8KG', 2140, NULL, 2430, NULL, 0, NULL, '2023-06-13 11:31:01', 1, '2023-06-13 11:31:01', NULL),
(486, 36, 'NANOK 200ML SAC', '', '486', '200ML', 1767, NULL, 2200, NULL, 0, NULL, '2023-06-13 11:31:41', 1, '2023-06-13 11:31:41', NULL),
(487, 36, 'NANOK 400ML SAC', '', '487', '400ML', 1950, NULL, 2600, NULL, 0, NULL, '2023-06-13 11:32:15', 1, '2023-06-13 11:32:15', NULL),
(488, 36, 'NATIVO 65GM BAYER', '', '488', '65GM', 555, NULL, 900, NULL, 0, NULL, '2023-06-13 11:49:42', 1, '2023-06-13 11:49:42', NULL),
(489, 36, 'NEXUC 240ML SAC', '', '489', '240ML', 495, NULL, 650, NULL, 0, NULL, '2023-06-13 11:51:54', 1, '2023-06-13 11:51:54', NULL),
(490, 36, 'NEXUC 480ML SAC', '', '490', '480ML', 1000, NULL, 1200, NULL, 0, NULL, '2023-06-13 11:52:42', 1, '2023-06-13 11:52:42', NULL),
(491, 36, 'NUTRICIA KS 36-24 2 LITR SAC', '', '491', '2LITR', 3508, NULL, 5300, NULL, 0, NULL, '2023-06-13 11:54:01', 1, '2023-06-13 11:54:01', NULL),
(492, 36, 'ORG WET 25KG SAC', '', '492', '25KG', 3960, NULL, 5900, NULL, 0, NULL, '2023-06-13 11:54:41', 1, '2023-06-13 11:54:41', NULL),
(493, 36, 'OROMATE K 2LITR SAC', '', '493', '2LITR', 2329, NULL, 3100, NULL, 0, NULL, '2023-06-13 11:55:47', 1, '2023-06-13 11:55:47', NULL),
(494, 36, 'OVER TOP 1 LITR WELCON', '', '494', '1LTR', 920, NULL, 1200, NULL, 0, NULL, '2023-06-13 11:56:34', 1, '2023-06-13 11:56:34', NULL),
(495, 36, 'PAIRANEX GOLD 100GM KANZO AG', '', '495', '100ML', 794, NULL, 1000, NULL, 0, NULL, '2023-06-13 12:10:04', 1, '2023-06-13 12:10:04', NULL),
(496, 36, 'PAIRANEX GOLD 50GM KANZO AG', '', '496', '50GM', 451, NULL, 550, NULL, 0, NULL, '2023-06-13 12:10:58', 1, '2023-06-13 12:10:58', NULL),
(497, 36, 'PASSPORT 350ML WELCON', '', '497', '350ML', 702, NULL, 1000, NULL, 0, NULL, '2023-06-13 12:11:39', 1, '2023-06-13 12:11:39', NULL),
(498, 36, 'PENDI 1IITR I PLANT CARE', '', '498', '1LTR', 1250, NULL, 1800, NULL, 10, NULL, '2023-06-13 12:38:29', 1, '2023-10-01 05:40:48', 1),
(499, 36, 'PIMEKO 60GM SAC', '', '499', '60GM', 723, NULL, 850, NULL, 0, NULL, '2023-06-13 12:39:26', 1, '2023-06-13 12:39:26', NULL),
(500, 36, 'PIRATE 100ML SAC', '', '500', '100ML', 856, NULL, 980, NULL, 0, NULL, '2023-06-13 12:40:11', 1, '2023-06-13 12:40:11', NULL),
(501, 36, 'POLY RAM 250GM SAC', '', '501', '250GM', 488, NULL, 650, NULL, 0, NULL, '2023-06-15 08:45:25', 1, '2023-06-15 08:45:25', NULL),
(502, 36, 'PROAXIX 100ML ARYSTA', '', '502', '100ML', 701, NULL, 790, NULL, 0, NULL, '2023-06-15 08:46:08', 1, '2023-06-15 08:46:08', NULL),
(503, 36, 'QUICK ACTION 1LITR AGRO LIX', '', '503', '1LTR', 675, NULL, 1000, NULL, 0, NULL, '2023-06-15 08:46:56', 1, '2023-06-15 08:46:56', NULL),
(504, 36, 'RAFREE 8KG KANZO AG', '', '504', '8KG', 890, NULL, 1300, NULL, 0, NULL, '2023-06-15 08:47:41', 1, '2023-06-15 08:47:41', NULL),
(505, 36, 'RECADO 200ML WELCON', '', '505', '200ML', 670, NULL, 1300, NULL, 0, NULL, '2023-06-15 08:48:23', 1, '2023-06-15 08:48:23', NULL),
(506, 36, 'REGENT 30GM BAYER', '', '506', '30GM', 980, NULL, 1100, NULL, 0, NULL, '2023-06-15 08:49:15', 1, '2023-06-15 08:49:15', NULL),
(507, 36, 'REXCEL 1KG SALPHAR AGRO LIX', '', '507', '1KG', 395, NULL, 700, NULL, 0, NULL, '2023-06-15 08:50:47', 1, '2023-06-15 08:50:47', NULL),
(508, 36, 'ROSPILAAN 250GM WELCON', '', '508', '250GM', 429, NULL, 650, NULL, 0, NULL, '2023-06-15 08:51:30', 1, '2023-06-15 08:51:30', NULL),
(509, 36, 'ROUTE 500ML KANZO AG', '', '509', '500ML', 500, NULL, 600, NULL, 100, NULL, '2023-06-15 08:52:22', 1, '2023-09-03 16:26:27', 1),
(510, 36, 'S METOLACHLOR 800ML SAC', '', '510', '800ML', 1100, 1100, 1500, '0000-00-00', 191, NULL, '2023-06-15 08:55:23', 1, '2023-10-04 20:28:55', 1),
(511, 36, 'SHORT GUN 1LITR WELCON', '', '511', '1LTR', 830, NULL, 1400, '2023-10-05', 118, NULL, '2023-06-15 08:56:45', 1, '2023-10-05 19:58:58', 1),
(512, 4, 'zee test', '', '', '22', 22, NULL, 22, NULL, 0, '2023-06-21 21:06:03', '2023-06-21 21:05:03', 1, '2023-06-21 21:06:03', NULL);

-- --------------------------------------------------------

--
-- Table structure for table `products_purchases`
--

DROP TABLE IF EXISTS `products_purchases`;
CREATE TABLE IF NOT EXISTS `products_purchases` (
  `id` int(11) NOT NULL AUTO_INCREMENT,
  `vendor_id` int(11) NOT NULL,
  `purchase_invoice_id` int(11) NOT NULL,
  `company_id` int(11) NOT NULL,
  `product_id` int(11) NOT NULL,
  `purchase_price` double NOT NULL,
  `sale_price` double DEFAULT NULL,
  `expiry_date` date DEFAULT NULL,
  `qty` double NOT NULL,
  `return_qty` double NOT NULL DEFAULT 0,
  `qty_after_return` double NOT NULL DEFAULT 0,
  `purchased_total_amount` double NOT NULL,
  `product_discount` double DEFAULT NULL COMMENT '	0 = no ; 1 = yes',
  `created_by` int(11) NOT NULL,
  `created_at` timestamp NOT NULL DEFAULT current_timestamp(),
  `updated_by` int(11) DEFAULT NULL,
  `updated_at` timestamp NULL DEFAULT current_timestamp() ON UPDATE current_timestamp(),
  PRIMARY KEY (`id`)
) ENGINE=InnoDB AUTO_INCREMENT=47 DEFAULT CHARSET=utf8mb4 COLLATE=utf8mb4_general_ci;

--
-- Dumping data for table `products_purchases`
--

INSERT INTO `products_purchases` (`id`, `vendor_id`, `purchase_invoice_id`, `company_id`, `product_id`, `purchase_price`, `sale_price`, `expiry_date`, `qty`, `return_qty`, `qty_after_return`, `purchased_total_amount`, `product_discount`, `created_by`, `created_at`, `updated_by`, `updated_at`) VALUES
(1, 11, 1, 0, 48, 497, NULL, NULL, 100, 0, 0, 49700, 0, 1, '2023-07-11 08:24:33', NULL, '2023-07-11 08:24:33'),
(2, 9, 2, 0, 56, 5200, NULL, NULL, 100, 0, 0, 520000, 0, 1, '2023-07-12 07:29:36', NULL, '2023-07-12 07:29:36'),
(3, 9, 2, 0, 35, 3150, NULL, '2023-06-17', 100, 0, 0, 315000, 0, 1, '2023-07-12 07:29:36', NULL, '2023-07-12 07:29:36'),
(4, 9, 2, 0, 59, 9015, NULL, '2023-06-17', 50, 0, 0, 450750, 0, 1, '2023-07-12 07:29:36', NULL, '2023-07-12 07:29:36'),
(5, 9, 2, 0, 49, 9000, NULL, '2023-06-17', 100, 0, 0, 900000, 0, 1, '2023-07-12 07:29:36', NULL, '2023-07-12 07:29:36'),
(6, 9, 3, 0, 510, 1182, NULL, NULL, 100, 0, 0, 118200, 0, 1, '2023-08-02 07:37:57', NULL, '2023-08-02 07:37:57'),
(7, 9, 4, 0, 509, 500, NULL, NULL, 100, 0, 0, 50000, 0, 1, '2023-09-03 16:26:27', NULL, '2023-09-03 16:26:27'),
(8, 9, 4, 0, 511, 830, NULL, NULL, 100, 0, 0, 83000, 0, 1, '2023-09-03 16:26:27', NULL, '2023-09-03 16:26:27'),
(9, 9, 4, 0, 510, 1182, NULL, NULL, 100, 0, 0, 118200, 0, 1, '2023-09-03 16:26:27', NULL, '2023-09-03 16:26:27'),
(10, 9, 5, 0, 5, 4025, NULL, '2023-05-09', 100, 0, 0, 402500, 0, 1, '2023-09-03 16:29:30', NULL, '2023-09-03 16:29:30'),
(11, 0, 6, 0, 511, 830, NULL, NULL, 1, 0, 0, 830, 0, 1, '2023-09-30 08:14:47', NULL, '2023-09-30 08:14:47'),
(12, 0, 6, 0, 510, 1182, NULL, NULL, 1, 0, 0, 1182, 0, 1, '2023-09-30 08:14:47', NULL, '2023-09-30 08:14:47'),
(13, 7, 7, 0, 498, 1250, NULL, NULL, 10, 0, 0, 12500, 0, 1, '2023-10-01 05:40:48', NULL, '2023-10-01 05:40:48'),
(14, 12, 8, 0, 510, 1180, NULL, NULL, 4, 0, 0, 4720, 0, 1, '2023-10-01 05:53:20', NULL, '2023-10-01 05:53:20'),
(15, 12, 9, 0, 510, 1150, NULL, NULL, 2, 0, 0, 2300, 120, 1, '2023-10-01 06:47:54', NULL, '2023-10-01 06:47:54'),
(16, 12, 10, 0, 510, 1130, NULL, NULL, 2, 0, 0, 2260, 20, 1, '2023-10-01 07:24:54', NULL, '2023-10-01 07:24:54'),
(17, 12, 15, 36, 507, 395, NULL, NULL, 1, 0, 0, 395, 0, 1, '2023-10-01 17:23:06', NULL, '2023-10-01 17:23:06'),
(18, 12, 16, 36, 507, 395, NULL, NULL, 1, 0, 0, 395, 0, 1, '2023-10-01 17:23:45', NULL, '2023-10-01 17:23:45'),
(19, 12, 17, 36, 507, 395, NULL, NULL, 1, 0, 0, 395, 0, 1, '2023-10-01 17:25:03', NULL, '2023-10-01 17:25:03'),
(20, 12, 18, 36, 507, 395, NULL, NULL, 1, 0, 0, 395, 0, 1, '2023-10-01 17:26:08', NULL, '2023-10-01 17:26:08'),
(21, 12, 19, 36, 507, 395, NULL, NULL, 1, 0, 0, 395, 0, 1, '2023-10-01 17:26:22', NULL, '2023-10-01 17:26:22'),
(22, 11, 20, 36, 510, 1100, NULL, NULL, 1, 0, 0, 1100, 0, 1, '2023-10-02 01:59:18', NULL, '2023-10-02 01:59:18'),
(23, 11, 22, 36, 510, 1100, NULL, NULL, 1, 0, 0, 1100, 0, 1, '2023-10-02 02:05:10', NULL, '2023-10-02 02:05:10'),
(24, 11, 23, 36, 510, 1100, NULL, NULL, 1, 0, 0, 1100, 0, 1, '2023-10-02 02:05:48', NULL, '2023-10-02 02:05:48'),
(25, 11, 24, 36, 510, 1100, NULL, NULL, 1, 0, 0, 1100, 0, 1, '2023-10-02 02:06:19', NULL, '2023-10-02 02:06:19'),
(26, 11, 25, 36, 510, 1100, NULL, NULL, 1, 0, 0, 1100, 0, 1, '2023-10-02 02:07:01', NULL, '2023-10-02 02:07:01'),
(27, 11, 26, 36, 510, 1100, NULL, NULL, 1, 0, 0, 1100, 0, 1, '2023-10-02 02:07:24', NULL, '2023-10-02 02:07:24'),
(28, 11, 27, 36, 510, 1100, NULL, NULL, 1, 0, 0, 1100, 0, 1, '2023-10-02 02:07:38', NULL, '2023-10-02 02:07:38'),
(29, 11, 28, 36, 510, 1100, NULL, NULL, 1, 0, 0, 1100, 0, 1, '2023-10-02 02:08:50', NULL, '2023-10-02 02:08:50'),
(30, 11, 29, 36, 510, 1100, NULL, NULL, 1, 0, 0, 1100, 0, 1, '2023-10-02 02:10:35', NULL, '2023-10-02 02:10:35'),
(31, 137, 30, 36, 482, 300, NULL, NULL, 1, 0, 0, 300, 0, 1, '2023-10-02 02:13:33', NULL, '2023-10-02 02:13:33'),
(43, 22, 35, 36, 510, 1100, NULL, '0000-00-00', 2, 0, 0, 2200, 0, 1, '2023-10-04 20:10:39', NULL, '2023-10-04 20:11:06'),
(44, 22, 36, 36, 511, 830, NULL, '2023-10-05', 2, 0, 0, 1660, 0, 1, '2023-10-04 20:37:30', NULL, '2023-10-04 20:37:30'),
(45, 11, 38, 36, 511, 830, 1400, '2023-10-05', 2, 0, 0, 1660, 0, 1, '2023-10-05 19:54:47', NULL, '2023-10-05 19:58:58'),
(46, 9, 39, 3, 5, 4025, 4100, '2023-05-09', 1, 0, 0, 4025, 0, 1, '2023-10-05 20:42:03', NULL, '2023-10-05 20:42:03');

-- --------------------------------------------------------

--
-- Table structure for table `products_returns`
--

DROP TABLE IF EXISTS `products_returns`;
CREATE TABLE IF NOT EXISTS `products_returns` (
  `id` int(11) NOT NULL AUTO_INCREMENT,
  `return_invoice_id` int(11) NOT NULL,
  `product_id` int(11) NOT NULL,
  `purchase_price` double NOT NULL,
  `expiry_date` date NOT NULL,
  `qty` double NOT NULL,
  `purchased_total_amount` double NOT NULL,
  `created_by` int(11) NOT NULL,
  `created_at` timestamp NOT NULL DEFAULT current_timestamp(),
  `updated_by` int(11) DEFAULT NULL,
  `updated_at` timestamp NULL DEFAULT current_timestamp() ON UPDATE current_timestamp(),
  PRIMARY KEY (`id`)
) ENGINE=InnoDB DEFAULT CHARSET=utf8mb4 COLLATE=utf8mb4_general_ci;

-- --------------------------------------------------------

--
-- Table structure for table `products_sales`
--

DROP TABLE IF EXISTS `products_sales`;
CREATE TABLE IF NOT EXISTS `products_sales` (
  `id` int(11) NOT NULL AUTO_INCREMENT,
  `invoice_no` varchar(100) NOT NULL,
  `sale_invoice_id` int(11) NOT NULL,
  `company_id` int(11) NOT NULL,
  `product_id` int(11) NOT NULL,
  `purchase_price` double NOT NULL,
  `sale_price` double NOT NULL,
  `expiry_date` date NOT NULL,
  `qty` double NOT NULL,
  `product_discount` double DEFAULT NULL,
  `sale_total_amount` double NOT NULL,
  `created_by` int(11) NOT NULL,
  `created_at` timestamp NOT NULL DEFAULT current_timestamp(),
  `updated_by` int(11) DEFAULT NULL,
  `updated_at` timestamp NULL DEFAULT current_timestamp() ON UPDATE current_timestamp(),
  PRIMARY KEY (`id`)
) ENGINE=InnoDB AUTO_INCREMENT=11 DEFAULT CHARSET=utf8mb4 COLLATE=utf8mb4_general_ci;

--
-- Dumping data for table `products_sales`
--

INSERT INTO `products_sales` (`id`, `invoice_no`, `sale_invoice_id`, `company_id`, `product_id`, `purchase_price`, `sale_price`, `expiry_date`, `qty`, `product_discount`, `sale_total_amount`, `created_by`, `created_at`, `updated_by`, `updated_at`) VALUES
(1, '1-2-8-23', 1, 36, 510, 0, 1500, '0000-00-00', 25, 0, 37500, 1, '2023-08-02 07:39:53', NULL, '2023-08-02 07:39:53'),
(2, '1-1-10-23', 2, 3, 5, 0, 4100, '0000-00-00', 2, 0, 8200, 1, '2023-10-01 05:49:45', NULL, '2023-10-01 05:49:45'),
(8, '1-5-10-23', 10, 3, 5, 0, 4100, '0000-00-00', 2, 0, 8200, 1, '2023-10-04 19:23:10', NULL, '2023-10-04 19:26:43'),
(9, '1-5-10-23', 10, 36, 511, 0, 1500, '0000-00-00', 1, 0, 1500, 1, '2023-10-04 19:57:31', NULL, '2023-10-04 19:57:31'),
(10, '1-6-10-23', 11, 3, 5, 0, 4100, '0000-00-00', 2, 0, 8200, 1, '2023-10-05 20:34:53', NULL, '2023-10-05 20:34:53');

-- --------------------------------------------------------

--
-- Table structure for table `purchase_invoices`
--

DROP TABLE IF EXISTS `purchase_invoices`;
CREATE TABLE IF NOT EXISTS `purchase_invoices` (
  `id` int(11) NOT NULL AUTO_INCREMENT,
  `date` date DEFAULT NULL,
  `invoice_type` int(11) NOT NULL COMMENT '1 = Net sale 2 = Add to ledger',
  `invoice_no` varchar(100) NOT NULL,
  `customer_id` int(11) NOT NULL,
  `previous_receivable` double DEFAULT NULL,
  `total_invoice_amount` double NOT NULL,
  `invoice_discount` double DEFAULT NULL,
  `is_editable` int(11) DEFAULT NULL COMMENT ' 0 = no ; 1 = yes',
  `paid_amount` double DEFAULT 0,
  `cash_return` double DEFAULT NULL,
  `service_charges` double DEFAULT NULL,
  `invoice_remaining_amount_after_pay` double NOT NULL,
  `product_net_total` double NOT NULL,
  `description` text DEFAULT NULL,
  `status` int(11) NOT NULL COMMENT '1 = Net Purchase 2 = Add to ledger 3 = Bank Transfer',
  `created_by` int(11) NOT NULL,
  `created_at` timestamp NOT NULL DEFAULT current_timestamp(),
  `updated_by` int(11) DEFAULT NULL,
  `updated_at` timestamp NULL DEFAULT current_timestamp() ON UPDATE current_timestamp(),
  PRIMARY KEY (`id`)
) ENGINE=InnoDB AUTO_INCREMENT=40 DEFAULT CHARSET=utf8mb4 COLLATE=utf8mb4_general_ci;

--
-- Dumping data for table `purchase_invoices`
--

INSERT INTO `purchase_invoices` (`id`, `date`, `invoice_type`, `invoice_no`, `customer_id`, `previous_receivable`, `total_invoice_amount`, `invoice_discount`, `is_editable`, `paid_amount`, `cash_return`, `service_charges`, `invoice_remaining_amount_after_pay`, `product_net_total`, `description`, `status`, `created_by`, `created_at`, `updated_by`, `updated_at`) VALUES
(1, '2023-07-11', 0, '1-11-7-23', 11, 0, 49700, NULL, NULL, 0, NULL, NULL, 0, 0, NULL, 0, 1, '2023-07-11 08:24:32', NULL, '2023-07-11 08:24:32'),
(2, '2023-07-12', 0, '1-12-7-23', 9, 0, 2185750, NULL, NULL, 2185750, NULL, NULL, 0, 0, NULL, 0, 1, '2023-07-12 07:29:36', NULL, '2023-07-12 07:29:36'),
(3, '2023-08-02', 0, '1-2-8-23', 9, 0, 118200, NULL, NULL, 0, NULL, NULL, 0, 0, NULL, 0, 1, '2023-08-02 07:37:57', NULL, '2023-08-02 07:37:57'),
(4, '2023-09-03', 0, '1-3-9-23', 9, 0, 369400, NULL, NULL, 0, NULL, NULL, 0, 0, NULL, 0, 1, '2023-09-03 16:26:27', NULL, '2023-09-03 16:26:27'),
(5, '2023-09-03', 0, '2-3-9-23', 9, 0, 771900, NULL, NULL, 0, NULL, NULL, 0, 0, NULL, 0, 1, '2023-09-03 16:29:30', NULL, '2023-09-03 16:29:30'),
(6, '2023-09-30', 0, '1-30-9-23', 0, 0, 2000, NULL, NULL, 0, NULL, NULL, 0, 0, NULL, 0, 1, '2023-09-30 08:14:47', NULL, '2023-09-30 08:14:47'),
(7, '2023-10-01', 0, '1-1-10-23', 7, 0, 12500, NULL, NULL, 0, NULL, NULL, 0, 0, NULL, 0, 1, '2023-10-01 05:40:48', NULL, '2023-10-01 05:40:48'),
(8, '2023-10-01', 0, '2-1-10-23', 12, 0, 4720, NULL, 0, 0, NULL, NULL, 0, 0, NULL, 0, 1, '2023-10-01 05:53:20', NULL, '2023-10-01 17:22:14'),
(9, '2023-10-01', 0, '3-1-10-23', 12, 0, 7020, NULL, 0, 0, NULL, NULL, 0, 0, '280 total descitpiton', 0, 1, '2023-10-01 06:47:54', NULL, '2023-10-01 17:22:14'),
(10, '2023-10-01', 0, '4-1-10-23', 12, 0, 9280, NULL, 0, 0, NULL, NULL, 0, 0, ',hghjkl;kjhghgjk', 0, 1, '2023-10-01 07:24:54', NULL, '2023-10-01 17:22:14'),
(11, '2023-10-01', 2, '5-1-10-23', 9, NULL, 830, NULL, 0, 0, 0, NULL, 830, 830, NULL, 1, 1, '2023-10-01 17:14:58', NULL, '2023-10-01 17:15:50'),
(12, '2023-10-01', 2, '5-1-10-23', 9, NULL, 830, NULL, 1, 0, 0, NULL, 830, 830, NULL, 1, 1, '2023-10-01 17:15:50', NULL, '2023-10-01 17:15:50'),
(13, '2023-10-01', 2, '7-1-10-23', 12, NULL, 395, NULL, 0, 75, -9600, NULL, 320, 395, NULL, 1, 1, '2023-10-01 17:22:14', NULL, '2023-10-01 17:22:30'),
(14, '2023-10-01', 2, '7-1-10-23', 12, NULL, 395, NULL, 0, 75, -9600, NULL, 320, 395, NULL, 1, 1, '2023-10-01 17:22:30', NULL, '2023-10-01 17:23:06'),
(15, '2023-10-01', 2, '7-1-10-23', 12, NULL, 395, NULL, 0, 75, -9600, NULL, 320, 395, NULL, 1, 1, '2023-10-01 17:23:06', NULL, '2023-10-01 17:23:45'),
(16, '2023-10-01', 2, '7-1-10-23', 12, NULL, 395, NULL, 0, 75, -9600, NULL, 320, 395, NULL, 1, 1, '2023-10-01 17:23:45', NULL, '2023-10-01 17:25:03'),
(17, '2023-10-01', 2, '7-1-10-23', 12, NULL, 395, NULL, 0, 75, -9600, NULL, 320, 395, NULL, 1, 1, '2023-10-01 17:25:03', NULL, '2023-10-01 17:26:08'),
(18, '2023-10-01', 2, '7-1-10-23', 12, NULL, 395, NULL, 0, 75, -9600, NULL, 320, 395, NULL, 1, 1, '2023-10-01 17:26:08', NULL, '2023-10-01 17:26:22'),
(19, '2023-10-01', 2, '7-1-10-23', 12, NULL, 395, NULL, 1, 75, -9600, NULL, 320, 395, NULL, 1, 1, '2023-10-01 17:26:22', NULL, '2023-10-01 17:26:22'),
(20, '2023-10-02', 2, '1-2-10-23', 11, NULL, 1090, 20, 0, 90, -50700, 10, 1000, 1100, 'zeeee', 1, 1, '2023-10-02 01:59:18', NULL, '2023-10-02 02:04:19'),
(21, '2023-10-02', 2, '1-2-10-23', 11, NULL, 1090, 20, 0, 90, -50700, 10, 1000, 1100, 'zeeee', 1, 1, '2023-10-02 02:04:19', NULL, '2023-10-02 02:05:10'),
(22, '2023-10-02', 2, '1-2-10-23', 11, NULL, 1090, 20, 0, 90, -50700, 10, 1000, 1100, 'zeeee', 1, 1, '2023-10-02 02:05:10', NULL, '2023-10-02 02:05:48'),
(23, '2023-10-02', 2, '1-2-10-23', 11, NULL, 1090, 20, 0, 90, -50700, 10, 1000, 1100, 'zeeee', 1, 1, '2023-10-02 02:05:48', NULL, '2023-10-02 02:06:19'),
(24, '2023-10-02', 2, '1-2-10-23', 11, NULL, 1090, 20, 0, 90, -50700, 10, 1000, 1100, 'zeeee', 1, 1, '2023-10-02 02:06:19', NULL, '2023-10-02 02:07:01'),
(25, '2023-10-02', 2, '1-2-10-23', 11, NULL, 1090, 20, 0, 90, -50700, 10, 1000, 1100, 'zeeee', 1, 1, '2023-10-02 02:07:01', NULL, '2023-10-02 02:07:24'),
(26, '2023-10-02', 2, '1-2-10-23', 11, NULL, 1090, 20, 0, 90, -50700, 10, 1000, 1100, 'zeeee', 1, 1, '2023-10-02 02:07:24', NULL, '2023-10-02 02:07:38'),
(27, '2023-10-02', 2, '1-2-10-23', 11, NULL, 1090, 20, 0, 90, -50700, 10, 1000, 1100, 'zeeee', 1, 1, '2023-10-02 02:07:38', NULL, '2023-10-02 02:08:50'),
(28, '2023-10-02', 2, '1-2-10-23', 11, NULL, 1090, 20, 0, 90, -50700, 10, 1000, 1100, 'zeeee', 1, 1, '2023-10-02 02:08:50', NULL, '2023-10-02 02:10:35'),
(29, '2023-10-02', 2, '1-2-10-23', 11, NULL, 1090, 20, 1, 90, -50700, 10, 1000, 1100, 'zeeee', 1, 1, '2023-10-02 02:10:35', NULL, '2023-10-02 02:10:35'),
(30, '2023-10-02', 2, '11-2-10-23', 137, NULL, 305, 5, 1, 5, -300, 10, 300, 300, 'old 310 new price 300\r\n\r\nser 10\r\nds 5\r\npaid 5\r\ntotal 305 pending 300', 1, 1, '2023-10-02 02:13:33', NULL, '2023-10-02 02:13:33'),
(31, '2023-10-05', 2, '1-5-10-23', 18, 0, 1830, NULL, 1, 100, -1700, NULL, 1730, 1830, 'this is  product desceipon', 2, 1, '2023-10-04 19:06:01', NULL, '2023-10-04 19:37:47'),
(32, '2023-10-05', 2, '2-5-10-23', 13, 0, 1660, NULL, 0, 60, -1600, NULL, 1600, 1660, NULL, 1, 1, '2023-10-04 19:40:23', NULL, '2023-10-04 19:41:11'),
(33, '2023-10-05', 2, '2-5-10-23', 13, 0, 1660, NULL, 1, 100, -1500, NULL, 1560, 1660, NULL, 1, 1, '2023-10-04 19:41:11', NULL, '2023-10-04 19:41:45'),
(35, '2023-10-05', 2, '4-5-10-23', 22, 0, 2200, NULL, 0, 100, 0, NULL, 2100, 2200, 'sdas  sad sa', 1, 1, '2023-10-04 19:52:22', NULL, '2023-10-04 20:37:30'),
(36, '2023-10-05', 2, '5-5-10-23', 22, 2100, 3760, NULL, 1, 60, -3700, NULL, 3700, 1660, '2nd', 1, 1, '2023-10-04 20:37:30', NULL, '2023-10-04 20:37:30'),
(37, '2023-10-06', 2, '1-6-10-23', 11, 50790, 52450, NULL, 0, 0, 0, NULL, 52450, 1660, 'saDasdasf asd', 1, 1, '2023-10-05 19:53:51', NULL, '2023-10-05 19:54:47'),
(38, '2023-10-06', 2, '1-6-10-23', 11, 54110, 55770, NULL, 1, 0, 0, NULL, 55770, 1660, 'saDasdasf asd', 1, 1, '2023-10-05 19:54:47', NULL, '2023-10-05 19:58:58'),
(39, '2023-10-06', 2, '3-6-10-23', 9, 771900, 775925, NULL, 1, 0, 0, NULL, 775925, 4025, NULL, 1, 1, '2023-10-05 20:42:03', NULL, '2023-10-05 20:42:03');

-- --------------------------------------------------------

--
-- Table structure for table `return_invoices`
--

DROP TABLE IF EXISTS `return_invoices`;
CREATE TABLE IF NOT EXISTS `return_invoices` (
  `id` int(11) NOT NULL AUTO_INCREMENT,
  `date` date DEFAULT NULL,
  `invoice_no` varchar(100) NOT NULL,
  `customer_id` int(11) NOT NULL,
  `total_invoice_amount` double NOT NULL,
  `is_editable` int(11) DEFAULT NULL COMMENT ' 0 = no ; 1 = yes',
  `created_by` int(11) NOT NULL,
  `created_at` timestamp NOT NULL DEFAULT current_timestamp(),
  `updated_by` int(11) DEFAULT NULL,
  `updated_at` timestamp NULL DEFAULT current_timestamp() ON UPDATE current_timestamp(),
  PRIMARY KEY (`id`)
) ENGINE=InnoDB DEFAULT CHARSET=utf8mb4 COLLATE=utf8mb4_general_ci;

-- --------------------------------------------------------

--
-- Table structure for table `sale_invoices`
--

DROP TABLE IF EXISTS `sale_invoices`;
CREATE TABLE IF NOT EXISTS `sale_invoices` (
  `id` int(11) NOT NULL AUTO_INCREMENT,
  `date` date DEFAULT NULL,
  `invoice_no` varchar(100) NOT NULL,
  `invoice_type` tinyint(4) NOT NULL COMMENT '1 = Net sale \r\n2 = Add to ledger',
  `customer_id` int(11) NOT NULL,
  `total_invoice_amount` double NOT NULL,
  `invoice_remaining_amount_after_pay` double NOT NULL,
  `product_net_total` double NOT NULL,
  `previous_receivable` double DEFAULT 0,
  `paid_amount` double DEFAULT 0,
  `amount_received` double DEFAULT NULL,
  `cash_return` double DEFAULT NULL,
  `invoice_discount` double DEFAULT NULL,
  `service_charges` double DEFAULT NULL,
  `status` tinyint(4) NOT NULL COMMENT '1  =  Net Sale \r\n2  =  Add to ledger\r\n3  =  Bank Transfer',
  `is_editable` tinyint(4) NOT NULL COMMENT ' 0 = no ; \r\n1 = yes',
  `created_by` int(11) NOT NULL,
  `created_at` timestamp NOT NULL DEFAULT current_timestamp(),
  `updated_by` int(11) DEFAULT NULL,
  `updated_at` timestamp NULL DEFAULT current_timestamp() ON UPDATE current_timestamp(),
  PRIMARY KEY (`id`)
) ENGINE=InnoDB AUTO_INCREMENT=12 DEFAULT CHARSET=utf8mb4 COLLATE=utf8mb4_general_ci;

--
-- Dumping data for table `sale_invoices`
--

INSERT INTO `sale_invoices` (`id`, `date`, `invoice_no`, `invoice_type`, `customer_id`, `total_invoice_amount`, `invoice_remaining_amount_after_pay`, `product_net_total`, `previous_receivable`, `paid_amount`, `amount_received`, `cash_return`, `invoice_discount`, `service_charges`, `status`, `is_editable`, `created_by`, `created_at`, `updated_by`, `updated_at`) VALUES
(1, '2023-08-02', '1-2-8-23', 1, 8, 37900, -100, 37500, 0, 37900, 38000, 100, 100, 500, 1, 1, 1, '2023-08-02 07:39:53', NULL, '2023-08-02 07:39:53'),
(2, '2023-10-01', '1-1-10-23', 1, 8, 8200, 0, 8200, 0, 8200, 8200, 0, NULL, NULL, 1, 1, 1, '2023-10-01 05:49:45', NULL, '2023-10-01 05:49:45'),
(10, '2023-10-05', '1-5-10-23', 2, 42, 6200, 5200, 9700, -3500, 1000, 1000, -4400, NULL, NULL, 1, 0, 1, '2023-10-04 19:23:10', NULL, '2023-10-04 21:22:31'),
(11, '2023-10-06', '1-6-10-23', 2, 43, 3200, 3200, 8200, -5000, 0, NULL, 0, NULL, NULL, 1, 1, 1, '2023-10-05 20:34:52', NULL, '2023-10-05 20:34:52');

-- --------------------------------------------------------

--
-- Table structure for table `sale_return_invoices`
--

DROP TABLE IF EXISTS `sale_return_invoices`;
CREATE TABLE IF NOT EXISTS `sale_return_invoices` (
  `id` int(11) NOT NULL AUTO_INCREMENT,
  `date` date DEFAULT NULL,
  `invoice_no` varchar(100) NOT NULL,
  `invoice_type` tinyint(4) NOT NULL COMMENT '1 = Net sale \r\n2 = Add to ledger',
  `customer_id` int(11) NOT NULL,
  `total_invoice_amount` double NOT NULL,
  `invoice_remaining_amount_after_pay` double NOT NULL,
  `product_net_total` double NOT NULL,
  `previous_receivable` double NOT NULL,
  `paid_amount` double NOT NULL,
  `amount_received` double DEFAULT NULL,
  `cash_return` double DEFAULT NULL,
  `invoice_discount` double DEFAULT NULL,
  `service_charges` double DEFAULT NULL,
  `status` tinyint(4) NOT NULL COMMENT '1  =  Net Sale \r\n2  =  Add to ledger\r\n3  =  Bank Transfer',
  `is_editable` tinyint(4) NOT NULL COMMENT ' 0 =  no ; \r\n1 = yes',
  `created_by` int(11) NOT NULL,
  `created_at` timestamp NOT NULL DEFAULT current_timestamp(),
  `updated_by` int(11) DEFAULT NULL,
  `updated_at` timestamp NULL DEFAULT current_timestamp() ON UPDATE current_timestamp(),
  PRIMARY KEY (`id`)
) ENGINE=InnoDB AUTO_INCREMENT=3 DEFAULT CHARSET=utf8mb4 COLLATE=utf8mb4_general_ci;

--
-- Dumping data for table `sale_return_invoices`
--

INSERT INTO `sale_return_invoices` (`id`, `date`, `invoice_no`, `invoice_type`, `customer_id`, `total_invoice_amount`, `invoice_remaining_amount_after_pay`, `product_net_total`, `previous_receivable`, `paid_amount`, `amount_received`, `cash_return`, `invoice_discount`, `service_charges`, `status`, `is_editable`, `created_by`, `created_at`, `updated_by`, `updated_at`) VALUES
(1, '2023-10-05', '1', 2, 42, 8100, 2900, 8200, 5200, 0, 100, -2900, NULL, NULL, 2, 0, 1, '2023-10-04 21:22:31', NULL, '2023-10-04 21:57:51'),
(2, '2023-10-05', '1', 2, 42, 4100, 7000, 4100, -2900, 0, NULL, 0, NULL, NULL, 2, 1, 1, '2023-10-04 21:57:51', NULL, '2023-10-04 21:57:51');

-- --------------------------------------------------------

--
-- Table structure for table `sale_return_products`
--

DROP TABLE IF EXISTS `sale_return_products`;
CREATE TABLE IF NOT EXISTS `sale_return_products` (
  `id` int(11) NOT NULL AUTO_INCREMENT,
  `invoice_no` varchar(100) NOT NULL,
  `sale_invoice_id` int(11) NOT NULL,
  `company_id` int(11) DEFAULT NULL,
  `product_id` int(11) NOT NULL,
  `purchase_price` double NOT NULL,
  `sale_price` double NOT NULL,
  `expiry_date` date NOT NULL,
  `qty` double NOT NULL,
  `product_discount` double DEFAULT NULL,
  `sale_total_amount` double NOT NULL,
  `created_by` int(11) NOT NULL,
  `created_at` timestamp NOT NULL DEFAULT current_timestamp(),
  `updated_by` int(11) DEFAULT NULL,
  `updated_at` timestamp NULL DEFAULT current_timestamp() ON UPDATE current_timestamp(),
  PRIMARY KEY (`id`)
) ENGINE=InnoDB AUTO_INCREMENT=3 DEFAULT CHARSET=utf8mb4 COLLATE=utf8mb4_general_ci;

--
-- Dumping data for table `sale_return_products`
--

INSERT INTO `sale_return_products` (`id`, `invoice_no`, `sale_invoice_id`, `company_id`, `product_id`, `purchase_price`, `sale_price`, `expiry_date`, `qty`, `product_discount`, `sale_total_amount`, `created_by`, `created_at`, `updated_by`, `updated_at`) VALUES
(1, '1', 1, 3, 5, 4025, 4100, '0000-00-00', 2, 0, 8200, 1, '2023-10-04 21:22:31', NULL, '2023-10-04 21:22:31'),
(2, '1', 2, 3, 5, 4025, 4100, '0000-00-00', 1, 0, 4100, 1, '2023-10-04 21:57:51', NULL, '2023-10-04 21:57:51');

-- --------------------------------------------------------

--
-- Table structure for table `stocks`
--

DROP TABLE IF EXISTS `stocks`;
CREATE TABLE IF NOT EXISTS `stocks` (
  `id` int(11) NOT NULL AUTO_INCREMENT,
  `vendor_stock_id` int(11) NOT NULL,
  `purchase_invoice_id` int(11) DEFAULT NULL,
  `return_invoice_id` int(11) DEFAULT NULL,
  `sale_invoice_id` int(11) DEFAULT NULL,
  `company_id` int(11) NOT NULL,
  `product_id` int(11) NOT NULL,
  `date` date DEFAULT NULL,
  `product_unit_price` double DEFAULT NULL,
  `qty` double NOT NULL,
  `amount` double NOT NULL,
  `balance` int(11) NOT NULL,
  `remaining_balance` double DEFAULT 0,
  `status` int(11) NOT NULL COMMENT '1 = In\r\n2  = OUT',
  `transaction_type` int(11) NOT NULL COMMENT '1 = Purchase ; 2 = Sale ; 3 = Return ;',
  `created_by` int(11) NOT NULL,
  `created_at` timestamp NOT NULL DEFAULT current_timestamp(),
  `updated_by` int(11) DEFAULT NULL,
  `updated_at` timestamp NULL DEFAULT current_timestamp() ON UPDATE current_timestamp(),
  PRIMARY KEY (`id`)
) ENGINE=InnoDB AUTO_INCREMENT=52 DEFAULT CHARSET=utf8mb4 COLLATE=utf8mb4_general_ci;

--
-- Dumping data for table `stocks`
--

INSERT INTO `stocks` (`id`, `vendor_stock_id`, `purchase_invoice_id`, `return_invoice_id`, `sale_invoice_id`, `company_id`, `product_id`, `date`, `product_unit_price`, `qty`, `amount`, `balance`, `remaining_balance`, `status`, `transaction_type`, `created_by`, `created_at`, `updated_by`, `updated_at`) VALUES
(1, 1, 1, NULL, NULL, 16, 48, '2023-07-11', 497, 100, 49700, 100, 0, 1, 0, 1, '2023-07-11 08:24:44', NULL, '2023-07-11 08:24:44'),
(2, 2, NULL, NULL, 1, 0, 48, '2023-07-11', 497, 1, 510, 99, 0, 2, 2, 1, '2023-07-11 08:26:41', NULL, '2023-07-11 08:26:41'),
(3, 3, NULL, NULL, 2, 0, 48, '2023-07-11', 497, 2, 1020, 97, 0, 2, 2, 1, '2023-07-11 08:26:58', NULL, '2023-07-11 08:26:58'),
(4, 4, 2, NULL, NULL, 6, 56, '2023-07-12', 5200, 100, 520000, 100, 0, 1, 0, 1, '2023-07-12 07:29:36', NULL, '2023-07-12 07:29:36'),
(5, 5, 2, NULL, NULL, 3, 35, '2023-07-12', 3150, 100, 315000, 100, 0, 1, 0, 1, '2023-07-12 07:29:36', NULL, '2023-07-12 07:29:36'),
(6, 6, 2, NULL, NULL, 9, 59, '2023-07-12', 9015, 50, 450750, 50, 0, 1, 0, 1, '2023-07-12 07:29:36', NULL, '2023-07-12 07:29:36'),
(7, 7, 2, NULL, NULL, 4, 49, '2023-07-12', 9000, 100, 900000, 100, 0, 1, 0, 1, '2023-07-12 07:29:36', NULL, '2023-07-12 07:29:36'),
(8, 8, 3, NULL, NULL, 36, 510, '2023-08-02', 1182, 100, 118200, 100, 0, 1, 0, 1, '2023-08-02 07:37:57', NULL, '2023-08-02 07:37:57'),
(9, 9, NULL, NULL, 1, 0, 510, '2023-08-02', 1182, 25, 37500, 75, 0, 2, 2, 1, '2023-08-02 07:39:53', NULL, '2023-08-02 07:39:53'),
(10, 10, 4, NULL, NULL, 36, 509, '2023-09-03', 500, 100, 50000, 100, 0, 1, 0, 1, '2023-09-03 16:26:27', NULL, '2023-09-03 16:26:27'),
(11, 11, 4, NULL, NULL, 36, 511, '2023-09-03', 830, 100, 83000, 100, 0, 1, 0, 1, '2023-09-03 16:26:27', NULL, '2023-09-03 16:26:27'),
(12, 12, 4, NULL, NULL, 36, 510, '2023-09-03', 1182, 100, 118200, 175, 0, 1, 0, 1, '2023-09-03 16:26:27', NULL, '2023-09-03 16:26:27'),
(13, 13, 5, NULL, NULL, 3, 5, '2023-09-03', 4025, 100, 402500, 100, 0, 1, 0, 1, '2023-09-03 16:29:30', NULL, '2023-09-03 16:29:30'),
(14, 14, 6, NULL, NULL, 36, 511, '2023-09-30', 830, 1, 830, 101, 0, 1, 0, 1, '2023-09-30 08:14:47', NULL, '2023-09-30 08:14:47'),
(15, 15, 6, NULL, NULL, 36, 510, '2023-09-30', 1182, 1, 1182, 176, 0, 1, 0, 1, '2023-09-30 08:14:47', NULL, '2023-09-30 08:14:47'),
(16, 16, 7, NULL, NULL, 36, 498, '2023-10-01', 1250, 10, 12500, 10, 0, 1, 0, 1, '2023-10-01 05:40:48', NULL, '2023-10-01 05:40:48'),
(17, 18, 8, NULL, NULL, 36, 510, '2023-10-01', 1180, 4, 4720, 180, 0, 1, 0, 1, '2023-10-01 05:53:20', NULL, '2023-10-01 05:53:20'),
(18, 19, 9, NULL, NULL, 36, 510, '2023-10-01', 1150, 2, 2300, 182, 0, 1, 0, 1, '2023-10-01 06:47:54', NULL, '2023-10-01 06:47:54'),
(19, 20, 10, NULL, NULL, 36, 510, '2023-10-01', 1130, 2, 2260, 184, 0, 1, 0, 1, '2023-10-01 07:24:54', NULL, '2023-10-01 07:24:54'),
(20, 25, 29, NULL, NULL, 0, 510, '2023-10-02', 1100, 1, 1100, 189, 0, 1, 4, 1, '2023-10-02 02:10:35', NULL, '2023-10-02 02:10:35'),
(21, 26, 30, NULL, NULL, 0, 482, '2023-10-02', 300, 1, 300, 1, 0, 1, 4, 1, '2023-10-02 02:13:33', NULL, '2023-10-02 02:13:33'),
(22, 27, 31, NULL, NULL, 0, 511, '2023-10-05', 830, 1, 830, 102, 0, 1, 4, 1, '2023-10-04 19:06:01', NULL, '2023-10-04 19:06:01'),
(23, 32, NULL, NULL, 9, 0, 5, '2023-10-05', 4025, 1, 4100, 93, 0, 2, 2, 1, '2023-10-04 19:19:24', NULL, '2023-10-04 19:19:24'),
(24, 33, NULL, NULL, 10, 0, 5, '2023-10-05', 4025, 1, 4100, 92, 0, 2, 2, 1, '2023-10-04 19:23:10', NULL, '2023-10-04 19:23:10'),
(25, 33, NULL, NULL, 10, 0, 5, '2023-10-05', 4025, 1, 4100, 0, 0, 1, 4, 1, '2023-10-04 19:31:17', NULL, '2023-10-04 19:31:17'),
(26, 41, NULL, NULL, 10, 0, 5, '2023-10-05', 4025, 2, 8200, 91, 0, 2, 2, 1, '2023-10-04 19:31:17', NULL, '2023-10-04 19:31:17'),
(27, 42, 33, NULL, NULL, 0, 511, '2023-10-05', 830, 2, 1660, 104, 0, 1, 4, 1, '2023-10-04 19:41:11', NULL, '2023-10-04 19:41:11'),
(28, 43, 35, NULL, NULL, 0, 511, '2023-10-05', 830, 1, 830, 105, 0, 1, 4, 1, '2023-10-04 19:52:22', NULL, '2023-10-04 19:52:22'),
(29, 41, NULL, NULL, 10, 0, 5, '2023-10-05', 4025, 2, 8200, 0, 0, 1, 4, 1, '2023-10-04 19:57:31', NULL, '2023-10-04 19:57:31'),
(30, 45, NULL, NULL, 10, 0, 5, '2023-10-05', 4025, 2, 8200, 91, 0, 2, 2, 1, '2023-10-04 19:57:31', NULL, '2023-10-04 19:57:31'),
(31, 46, NULL, NULL, 10, 0, 511, '2023-10-05', 830, 1, 1500, 104, 0, 2, 2, 1, '2023-10-04 19:57:31', NULL, '2023-10-04 19:57:31'),
(32, 47, 35, NULL, NULL, 0, 511, '2023-10-05', 830, 1, 830, 105, 0, 1, 4, 1, '2023-10-04 19:59:32', NULL, '2023-10-04 19:59:32'),
(33, 48, 35, NULL, NULL, 0, 511, '2023-10-05', 830, 1, 830, 106, 0, 1, 4, 1, '2023-10-04 20:00:21', NULL, '2023-10-04 20:00:21'),
(34, 49, 35, NULL, NULL, 0, 511, '2023-10-05', 830, 2, 1660, 108, 0, 1, 4, 1, '2023-10-04 20:03:03', NULL, '2023-10-04 20:03:03'),
(35, 50, 35, NULL, NULL, 0, 511, '2023-10-05', 830, 2, 1660, 110, 0, 1, 4, 1, '2023-10-04 20:04:26', NULL, '2023-10-04 20:04:26'),
(36, 51, 35, NULL, NULL, 0, 511, '2023-10-05', 830, 2, 1660, 112, 0, 1, 4, 1, '2023-10-04 20:04:53', NULL, '2023-10-04 20:04:53'),
(37, 52, 35, NULL, NULL, 0, 511, '2023-10-05', 830, 2, 1660, 114, 0, 1, 4, 1, '2023-10-04 20:05:13', NULL, '2023-10-04 20:05:13'),
(38, 53, 35, NULL, NULL, 0, 511, '2023-10-05', 830, 1, 830, 115, 0, 1, 4, 1, '2023-10-04 20:08:05', NULL, '2023-10-04 20:08:05'),
(39, 54, 35, NULL, NULL, 0, 511, '2023-10-05', 830, 1, 830, 116, 0, 1, 4, 1, '2023-10-04 20:10:15', NULL, '2023-10-04 20:10:15'),
(40, 56, 35, NULL, NULL, 0, 511, '2023-10-05', 830, 1, 830, 116, 0, 1, 4, 1, '2023-10-04 20:10:39', NULL, '2023-10-04 20:10:39'),
(41, 57, 35, NULL, NULL, 0, 510, '2023-10-05', 1100, 2, 2200, 191, 0, 1, 4, 1, '2023-10-04 20:10:39', NULL, '2023-10-04 20:10:39'),
(42, 58, 35, NULL, NULL, 0, 511, '2023-10-05', 830, 1, 830, 114, 0, 2, 0, 1, '2023-10-04 20:10:58', NULL, '2023-10-04 20:10:58'),
(43, 60, 35, NULL, NULL, 0, 510, '2023-10-05', 1100, 2, 2200, 191, 0, 1, 4, 1, '2023-10-04 20:11:06', NULL, '2023-10-04 20:11:06'),
(44, 62, 35, NULL, NULL, 0, 510, '2023-10-05', 1100, 2, 2200, 191, 0, 1, 4, 1, '2023-10-04 20:20:36', NULL, '2023-10-04 20:20:36'),
(45, 64, 35, NULL, NULL, 0, 510, '2023-10-05', 1100, 2, 2200, 191, 0, 1, 4, 1, '2023-10-04 20:28:55', NULL, '2023-10-04 20:28:55'),
(46, 65, 36, NULL, NULL, 0, 511, '2023-10-05', 830, 2, 1660, 116, 0, 1, 4, 1, '2023-10-04 20:37:30', NULL, '2023-10-04 20:37:30'),
(47, 68, 38, NULL, NULL, 0, 511, '2023-10-06', 830, 2, 1660, 118, 0, 1, 4, 1, '2023-10-05 19:54:47', NULL, '2023-10-05 19:54:47'),
(48, 70, 38, NULL, NULL, 0, 511, '2023-10-06', 830, 2, 1660, 118, 0, 1, 4, 1, '2023-10-05 19:57:38', NULL, '2023-10-05 19:57:38'),
(49, 72, 38, NULL, NULL, 0, 511, '2023-10-06', 830, 2, 1660, 118, 0, 1, 4, 1, '2023-10-05 19:58:58', NULL, '2023-10-05 19:58:58'),
(50, 73, NULL, NULL, 11, 0, 5, '2023-10-06', 4025, 2, 8200, 92, 0, 2, 2, 1, '2023-10-05 20:34:53', NULL, '2023-10-05 20:34:53'),
(51, 74, 39, NULL, NULL, 0, 5, '2023-10-06', 4025, 1, 4025, 93, 0, 1, 4, 1, '2023-10-05 20:42:03', NULL, '2023-10-05 20:42:03');

-- --------------------------------------------------------

--
-- Table structure for table `users`
--

DROP TABLE IF EXISTS `users`;
CREATE TABLE IF NOT EXISTS `users` (
  `id` bigint(20) UNSIGNED NOT NULL AUTO_INCREMENT,
  `name` varchar(255) NOT NULL,
  `email` varchar(255) NOT NULL,
  `email_verified_at` timestamp NULL DEFAULT NULL,
  `password` varchar(255) NOT NULL,
  `remember_token` varchar(100) DEFAULT NULL,
  `created_at` timestamp NULL DEFAULT NULL,
  `updated_at` timestamp NULL DEFAULT NULL,
  PRIMARY KEY (`id`),
  UNIQUE KEY `users_email_unique` (`email`)
) ENGINE=InnoDB AUTO_INCREMENT=2 DEFAULT CHARSET=utf8mb4 COLLATE=utf8mb4_unicode_ci;

--
-- Dumping data for table `users`
--

INSERT INTO `users` (`id`, `name`, `email`, `email_verified_at`, `password`, `remember_token`, `created_at`, `updated_at`) VALUES
(1, 'zee', 'zee@gmail.com', NULL, '$2y$10$2NZOElgN3yEmSA5twnXLt.4HWCL6U0us.edV8Okub5AJ.pHEBaseW', '1yfOSjJfkQtiGYGsPHjf1C1cK3GjQa21Njbzzii1wHlKVz52sOx9PDKIWsrY', '2022-11-20 00:26:02', '2022-11-20 00:26:02');

-- --------------------------------------------------------

--
-- Table structure for table `vendor_ledger`
--

DROP TABLE IF EXISTS `vendor_ledger`;
CREATE TABLE IF NOT EXISTS `vendor_ledger` (
  `id` int(11) NOT NULL AUTO_INCREMENT,
  `purchase_invoice_id` int(11) NOT NULL,
  `return_invoice_id` int(11) DEFAULT NULL,
  `customer_id` int(11) NOT NULL,
  `cpv_no` varchar(100) DEFAULT NULL COMMENT 'CPV = Cash Payment Vouture',
  `crv_no` varchar(100) DEFAULT NULL COMMENT 'CRV = Cash Recive Vouture',
  `cr` double DEFAULT 0 COMMENT ' credit ',
  `dr` double DEFAULT 0 COMMENT 'Debit',
  `balance` double NOT NULL DEFAULT 0,
  `trx_type` tinyint(4) DEFAULT 0 COMMENT '1  - Purchase Inv \r\n2 -  Return Inv \r\n3 -  Payment  ',
  `comment` text DEFAULT NULL COMMENT 'Comment or Remarks of payment',
  `date` date DEFAULT NULL,
  `created_at` timestamp NOT NULL DEFAULT current_timestamp(),
  `created_by` int(11) NOT NULL,
  `updated_at` timestamp NULL DEFAULT current_timestamp() ON UPDATE current_timestamp(),
  `updated_by` int(11) DEFAULT NULL,
  PRIMARY KEY (`id`)
) ENGINE=InnoDB AUTO_INCREMENT=19 DEFAULT CHARSET=utf8mb4 COLLATE=utf8mb4_general_ci;

--
-- Dumping data for table `vendor_ledger`
--

INSERT INTO `vendor_ledger` (`id`, `purchase_invoice_id`, `return_invoice_id`, `customer_id`, `cpv_no`, `crv_no`, `cr`, `dr`, `balance`, `trx_type`, `comment`, `date`, `created_at`, `created_by`, `updated_at`, `updated_by`) VALUES
(1, 1, NULL, 11, NULL, NULL, 0, 49700, 49700, 1, NULL, '2023-07-11', '2023-07-11 08:24:45', 1, '2023-07-11 08:24:45', NULL),
(2, 2, NULL, 9, NULL, NULL, 2185750, 2185750, 0, 1, NULL, '2023-07-12', '2023-07-12 07:29:36', 1, '2023-07-12 07:29:36', NULL),
(3, 3, NULL, 9, NULL, NULL, 0, 118200, 118200, 1, NULL, '2023-08-02', '2023-08-02 07:37:57', 1, '2023-08-02 07:37:57', NULL),
(4, 4, NULL, 9, NULL, NULL, 0, 369400, 369400, 1, NULL, '2023-09-03', '2023-09-03 16:26:27', 1, '2023-09-03 16:26:27', NULL),
(5, 5, NULL, 9, NULL, NULL, 0, 771900, 771900, 1, NULL, '2023-09-03', '2023-09-03 16:29:30', 1, '2023-09-03 16:29:30', NULL),
(6, 6, NULL, 0, NULL, NULL, 0, 2000, 2000, 1, NULL, '2023-09-30', '2023-09-30 08:14:48', 1, '2023-09-30 08:14:48', NULL),
(7, 7, NULL, 7, NULL, NULL, 0, 12500, 12500, 1, NULL, '2023-10-01', '2023-10-01 05:40:48', 1, '2023-10-01 05:40:48', NULL),
(8, 8, NULL, 12, NULL, NULL, 0, 4720, 4720, 1, NULL, '2023-10-01', '2023-10-01 05:53:20', 1, '2023-10-01 05:53:20', NULL),
(9, 9, NULL, 12, NULL, NULL, 0, 7020, 7020, 1, NULL, '2023-10-01', '2023-10-01 06:47:54', 1, '2023-10-01 06:47:54', NULL),
(10, 10, NULL, 12, NULL, NULL, 0, 9280, 9280, 1, NULL, '2023-10-01', '2023-10-01 07:24:54', 1, '2023-10-01 07:24:54', NULL),
(11, 29, NULL, 11, NULL, NULL, 90, 1090, 50790, 1, NULL, '2023-10-02', '2023-10-02 02:10:35', 1, '2023-10-02 02:10:35', NULL),
(12, 30, NULL, 137, NULL, NULL, 5, 305, 305, 1, NULL, '2023-10-02', '2023-10-02 02:13:33', 1, '2023-10-02 02:13:33', NULL),
(13, 31, NULL, 18, NULL, NULL, 30, 830, 830, 1, NULL, '2023-10-05', '2023-10-04 19:06:01', 1, '2023-10-04 19:06:01', NULL),
(14, 33, NULL, 13, NULL, NULL, 60, 1660, 1660, 1, NULL, '2023-10-05', '2023-10-04 19:41:11', 1, '2023-10-04 19:41:11', NULL),
(15, 35, NULL, 22, NULL, NULL, 100, 2200, 2100, 1, NULL, '2023-10-05', '2023-10-04 19:52:22', 1, '2023-10-04 20:11:06', NULL),
(16, 36, NULL, 22, NULL, NULL, 60, 3760, 3760, 1, NULL, '2023-10-05', '2023-10-04 20:37:30', 1, '2023-10-04 20:37:30', NULL),
(17, 38, NULL, 11, NULL, NULL, 0, 55770, 55770, 1, NULL, '2023-10-06', '2023-10-05 19:54:47', 1, '2023-10-05 19:58:58', NULL),
(18, 39, NULL, 9, NULL, NULL, 0, 775925, 775925, 1, NULL, '2023-10-06', '2023-10-05 20:42:03', 1, '2023-10-05 20:42:03', NULL);

-- --------------------------------------------------------

--
-- Table structure for table `vendor_stocks`
--

DROP TABLE IF EXISTS `vendor_stocks`;
CREATE TABLE IF NOT EXISTS `vendor_stocks` (
  `id` int(11) NOT NULL AUTO_INCREMENT,
  `vendor_id` int(11) NOT NULL,
  `purchase_invoice_id` int(11) DEFAULT NULL,
  `return_invoice_id` int(11) DEFAULT NULL,
  `sale_invoice_id` int(11) DEFAULT NULL,
  `sale_return_id` int(11) DEFAULT NULL,
  `company_id` int(11) NOT NULL,
  `product_id` int(11) NOT NULL,
  `date` date NOT NULL,
  `product_unit_price` double NOT NULL,
  `qty` double NOT NULL,
  `amount` double NOT NULL,
  `balance` double NOT NULL,
  `remaining_balance` double DEFAULT NULL,
  `status` int(11) NOT NULL COMMENT '1 = In\r\n2  = OUT',
  `transaction_type` tinyint(4) NOT NULL COMMENT '1 = Purchase ; \r\n2 = Sale ; \r\n3 = Return ;',
  `created_by` int(11) NOT NULL,
  `created_at` timestamp NOT NULL DEFAULT current_timestamp(),
  `updated_by` int(11) DEFAULT NULL,
  `updated_at` timestamp NULL DEFAULT current_timestamp() ON UPDATE current_timestamp(),
  PRIMARY KEY (`id`)
) ENGINE=InnoDB AUTO_INCREMENT=75 DEFAULT CHARSET=utf8mb4 COLLATE=utf8mb4_general_ci;

--
-- Dumping data for table `vendor_stocks`
--

INSERT INTO `vendor_stocks` (`id`, `vendor_id`, `purchase_invoice_id`, `return_invoice_id`, `sale_invoice_id`, `sale_return_id`, `company_id`, `product_id`, `date`, `product_unit_price`, `qty`, `amount`, `balance`, `remaining_balance`, `status`, `transaction_type`, `created_by`, `created_at`, `updated_by`, `updated_at`) VALUES
(1, 11, 1, NULL, NULL, NULL, 16, 48, '2023-07-11', 497, 100, 49700, 100, NULL, 1, 1, 1, '2023-07-11 08:24:43', NULL, '2023-07-11 08:24:43'),
(2, 11, NULL, NULL, 1, NULL, 0, 48, '2023-07-11', 497, 1, 510, 99, NULL, 2, 2, 1, '2023-07-11 08:26:41', NULL, '2023-07-11 08:26:41'),
(3, 11, NULL, NULL, 2, NULL, 0, 48, '2023-07-11', 497, 2, 1020, 97, NULL, 2, 2, 1, '2023-07-11 08:26:58', NULL, '2023-07-11 08:26:58'),
(4, 9, 2, NULL, NULL, NULL, 6, 56, '2023-07-12', 5200, 100, 520000, 100, NULL, 1, 1, 1, '2023-07-12 07:29:36', NULL, '2023-07-12 07:29:36'),
(5, 9, 2, NULL, NULL, NULL, 3, 35, '2023-07-12', 3150, 100, 315000, 100, NULL, 1, 1, 1, '2023-07-12 07:29:36', NULL, '2023-07-12 07:29:36'),
(6, 9, 2, NULL, NULL, NULL, 9, 59, '2023-07-12', 9015, 50, 450750, 50, NULL, 1, 1, 1, '2023-07-12 07:29:36', NULL, '2023-07-12 07:29:36'),
(7, 9, 2, NULL, NULL, NULL, 4, 49, '2023-07-12', 9000, 100, 900000, 100, NULL, 1, 1, 1, '2023-07-12 07:29:36', NULL, '2023-07-12 07:29:36'),
(8, 9, 3, NULL, NULL, NULL, 36, 510, '2023-08-02', 1182, 100, 118200, 100, NULL, 1, 1, 1, '2023-08-02 07:37:57', NULL, '2023-08-02 07:37:57'),
(9, 9, NULL, NULL, 1, NULL, 0, 510, '2023-08-02', 1182, 25, 37500, 75, NULL, 2, 2, 1, '2023-08-02 07:39:53', NULL, '2023-08-02 07:39:53'),
(10, 9, 4, NULL, NULL, NULL, 36, 509, '2023-09-03', 500, 100, 50000, 100, NULL, 1, 1, 1, '2023-09-03 16:26:27', NULL, '2023-09-03 16:26:27'),
(11, 9, 4, NULL, NULL, NULL, 36, 511, '2023-09-03', 830, 100, 83000, 100, NULL, 1, 1, 1, '2023-09-03 16:26:27', NULL, '2023-09-03 16:26:27'),
(12, 9, 4, NULL, NULL, NULL, 36, 510, '2023-09-03', 1182, 100, 118200, 175, NULL, 1, 1, 1, '2023-09-03 16:26:27', NULL, '2023-09-03 16:26:27'),
(13, 9, 5, NULL, NULL, NULL, 3, 5, '2023-09-03', 4025, 100, 402500, 100, NULL, 1, 1, 1, '2023-09-03 16:29:30', NULL, '2023-09-03 16:29:30'),
(14, 0, 6, NULL, NULL, NULL, 36, 511, '2023-09-30', 830, 1, 830, 101, NULL, 1, 1, 1, '2023-09-30 08:14:47', NULL, '2023-09-30 08:14:47'),
(15, 0, 6, NULL, NULL, NULL, 36, 510, '2023-09-30', 1182, 1, 1182, 176, NULL, 1, 1, 1, '2023-09-30 08:14:47', NULL, '2023-09-30 08:14:47'),
(16, 7, 7, NULL, NULL, NULL, 36, 498, '2023-10-01', 1250, 10, 12500, 10, NULL, 1, 1, 1, '2023-10-01 05:40:48', NULL, '2023-10-01 05:40:48'),
(17, 9, NULL, NULL, 2, NULL, 0, 5, '2023-10-01', 4025, 2, 8200, 98, NULL, 2, 2, 1, '2023-10-01 05:49:45', NULL, '2023-10-01 05:49:45'),
(18, 12, 8, NULL, NULL, NULL, 36, 510, '2023-10-01', 1180, 4, 4720, 180, NULL, 1, 1, 1, '2023-10-01 05:53:20', NULL, '2023-10-01 05:53:20'),
(19, 12, 9, NULL, NULL, NULL, 36, 510, '2023-10-01', 1150, 2, 2300, 182, NULL, 1, 1, 1, '2023-10-01 06:47:54', NULL, '2023-10-01 06:47:54'),
(20, 12, 10, NULL, NULL, NULL, 36, 510, '2023-10-01', 1130, 2, 2260, 184, NULL, 1, 1, 1, '2023-10-01 07:24:54', NULL, '2023-10-01 07:24:54'),
(21, 12, NULL, NULL, NULL, NULL, 0, 510, '2023-10-02', 1100, 1, 1100, 185, NULL, 2, 2, 1, '2023-10-02 02:05:48', NULL, '2023-10-02 02:05:48'),
(22, 12, NULL, NULL, NULL, NULL, 0, 510, '2023-10-02', 1100, 1, 1100, 186, NULL, 2, 2, 1, '2023-10-02 02:06:19', NULL, '2023-10-02 02:06:19'),
(23, 12, NULL, NULL, NULL, NULL, 0, 510, '2023-10-02', 1100, 1, 1100, 187, NULL, 2, 2, 1, '2023-10-02 02:07:38', NULL, '2023-10-02 02:07:38'),
(24, 12, 28, NULL, NULL, NULL, 0, 510, '2023-10-02', 1100, 1, 1100, 188, NULL, 2, 2, 1, '2023-10-02 02:08:50', NULL, '2023-10-02 02:08:50'),
(25, 12, 29, NULL, NULL, NULL, 0, 510, '2023-10-02', 1100, 1, 1100, 189, NULL, 2, 2, 1, '2023-10-02 02:10:35', NULL, '2023-10-02 02:10:35'),
(26, 0, 30, NULL, NULL, NULL, 0, 482, '2023-10-02', 300, 1, 300, 1, NULL, 2, 2, 1, '2023-10-02 02:13:33', NULL, '2023-10-02 02:13:33'),
(27, 0, 31, NULL, NULL, NULL, 0, 511, '2023-10-05', 830, 1, 830, 102, NULL, 2, 2, 1, '2023-10-04 19:06:01', NULL, '2023-10-04 19:06:01'),
(28, 9, NULL, NULL, 3, NULL, 0, 5, '2023-10-05', 4025, 1, 4100, 97, NULL, 2, 2, 1, '2023-10-04 19:08:27', NULL, '2023-10-04 19:08:27'),
(29, 9, NULL, NULL, 4, NULL, 0, 5, '2023-10-05', 4025, 1, 4100, 96, NULL, 2, 2, 1, '2023-10-04 19:09:05', NULL, '2023-10-04 19:09:05'),
(30, 9, NULL, NULL, 6, NULL, 0, 5, '2023-10-05', 4025, 1, 4100, 95, NULL, 2, 2, 1, '2023-10-04 19:17:39', NULL, '2023-10-04 19:17:39'),
(31, 9, NULL, NULL, 7, NULL, 0, 5, '2023-10-05', 4025, 1, 4100, 94, NULL, 2, 2, 1, '2023-10-04 19:17:57', NULL, '2023-10-04 19:17:57'),
(32, 9, NULL, NULL, 9, NULL, 0, 5, '2023-10-05', 4025, 1, 4100, 93, NULL, 2, 2, 1, '2023-10-04 19:19:24', NULL, '2023-10-04 19:19:24'),
(33, 9, NULL, NULL, 10, NULL, 0, 5, '2023-10-05', 4025, 1, 4100, 92, NULL, 2, 2, 1, '2023-10-04 19:23:10', NULL, '2023-10-04 19:23:10'),
(34, 9, NULL, NULL, 10, NULL, 0, 5, '2023-10-05', 4025, 1, 8200, 93, NULL, 1, 4, 1, '2023-10-04 19:26:43', NULL, '2023-10-04 19:26:43'),
(35, 9, NULL, NULL, 10, NULL, 0, 5, '2023-10-05', 4025, 2, 8200, 91, NULL, 2, 2, 1, '2023-10-04 19:26:43', NULL, '2023-10-04 19:26:43'),
(36, 9, NULL, NULL, 10, NULL, 0, 5, '2023-10-05', 4025, 2, 8200, 93, NULL, 1, 4, 1, '2023-10-04 19:29:42', NULL, '2023-10-04 19:29:42'),
(37, 9, NULL, NULL, 10, NULL, 0, 5, '2023-10-05', 4025, 2, 8200, 91, NULL, 2, 2, 1, '2023-10-04 19:29:42', NULL, '2023-10-04 19:29:42'),
(38, 9, NULL, NULL, 10, NULL, 0, 5, '2023-10-05', 4025, 2, 8200, 93, NULL, 1, 4, 1, '2023-10-04 19:29:58', NULL, '2023-10-04 19:29:58'),
(39, 9, NULL, NULL, 10, NULL, 0, 5, '2023-10-05', 4025, 2, 8200, 91, NULL, 2, 2, 1, '2023-10-04 19:29:58', NULL, '2023-10-04 19:29:58'),
(40, 9, NULL, NULL, 10, NULL, 0, 5, '2023-10-05', 4025, 2, 8200, 93, NULL, 1, 4, 1, '2023-10-04 19:31:17', NULL, '2023-10-04 19:31:17'),
(41, 9, NULL, NULL, 10, NULL, 0, 5, '2023-10-05', 4025, 2, 8200, 91, NULL, 2, 2, 1, '2023-10-04 19:31:17', NULL, '2023-10-04 19:31:17'),
(42, 0, 33, NULL, NULL, NULL, 0, 511, '2023-10-05', 830, 2, 1660, 104, NULL, 2, 2, 1, '2023-10-04 19:41:11', NULL, '2023-10-04 19:41:11'),
(43, 0, 35, NULL, NULL, NULL, 0, 511, '2023-10-05', 830, 1, 830, 105, NULL, 2, 2, 1, '2023-10-04 19:52:22', NULL, '2023-10-04 19:52:22'),
(44, 9, NULL, NULL, 10, NULL, 0, 5, '2023-10-05', 4025, 2, 8200, 93, NULL, 1, 4, 1, '2023-10-04 19:57:31', NULL, '2023-10-04 19:57:31'),
(45, 9, NULL, NULL, 10, NULL, 0, 5, '2023-10-05', 4025, 2, 8200, 91, NULL, 2, 2, 1, '2023-10-04 19:57:31', NULL, '2023-10-04 19:57:31'),
(46, 0, NULL, NULL, 10, NULL, 0, 511, '2023-10-05', 830, 1, 1500, 104, NULL, 2, 2, 1, '2023-10-04 19:57:31', NULL, '2023-10-04 19:57:31'),
(47, 0, 35, NULL, NULL, NULL, 0, 511, '2023-10-05', 830, 1, 830, 105, NULL, 2, 2, 1, '2023-10-04 19:59:32', NULL, '2023-10-04 19:59:32'),
(48, 0, 35, NULL, NULL, NULL, 0, 511, '2023-10-05', 830, 1, 830, 106, NULL, 2, 2, 1, '2023-10-04 20:00:21', NULL, '2023-10-04 20:00:21'),
(49, 0, 35, NULL, NULL, NULL, 0, 511, '2023-10-05', 830, 2, 1660, 108, NULL, 2, 2, 1, '2023-10-04 20:03:03', NULL, '2023-10-04 20:03:03'),
(50, 0, 35, NULL, NULL, NULL, 0, 511, '2023-10-05', 830, 2, 1660, 110, NULL, 2, 2, 1, '2023-10-04 20:04:26', NULL, '2023-10-04 20:04:26'),
(51, 0, 35, NULL, NULL, NULL, 0, 511, '2023-10-05', 830, 2, 1660, 112, NULL, 2, 2, 1, '2023-10-04 20:04:53', NULL, '2023-10-04 20:04:53'),
(52, 0, 35, NULL, NULL, NULL, 0, 511, '2023-10-05', 830, 2, 1660, 114, NULL, 2, 2, 1, '2023-10-04 20:05:12', NULL, '2023-10-04 20:05:12'),
(53, 0, 35, NULL, NULL, NULL, 0, 511, '2023-10-05', 830, 1, 830, 115, NULL, 2, 2, 1, '2023-10-04 20:08:05', NULL, '2023-10-04 20:08:05'),
(54, 0, 35, NULL, NULL, NULL, 0, 511, '2023-10-05', 830, 1, 830, 116, NULL, 2, 2, 1, '2023-10-04 20:10:15', NULL, '2023-10-04 20:10:15'),
(55, 0, 35, NULL, NULL, NULL, 0, 511, '2023-10-05', 830, 1, 830, 115, NULL, 1, 4, 1, '2023-10-04 20:10:39', NULL, '2023-10-04 20:10:39'),
(56, 0, 35, NULL, NULL, NULL, 0, 511, '2023-10-05', 830, 1, 830, 116, NULL, 2, 2, 1, '2023-10-04 20:10:39', NULL, '2023-10-04 20:10:39'),
(57, 12, 35, NULL, NULL, NULL, 0, 510, '2023-10-05', 1100, 2, 2200, 191, NULL, 2, 2, 1, '2023-10-04 20:10:39', NULL, '2023-10-04 20:10:39'),
(58, 0, 35, NULL, NULL, NULL, 0, 511, '2023-10-05', 830, 1, 830, 114, NULL, 2, 0, 1, '2023-10-04 20:10:58', NULL, '2023-10-04 20:10:58'),
(59, 12, 35, NULL, NULL, NULL, 0, 510, '2023-10-05', 1100, 2, 2200, 189, NULL, 1, 4, 1, '2023-10-04 20:11:06', NULL, '2023-10-04 20:11:06'),
(60, 12, 35, NULL, NULL, NULL, 0, 510, '2023-10-05', 1100, 2, 2200, 191, NULL, 2, 2, 1, '2023-10-04 20:11:06', NULL, '2023-10-04 20:11:06'),
(61, 12, 35, NULL, NULL, NULL, 0, 510, '2023-10-05', 1100, 2, 2200, 189, NULL, 1, 4, 1, '2023-10-04 20:20:36', NULL, '2023-10-04 20:20:36'),
(62, 12, 35, NULL, NULL, NULL, 0, 510, '2023-10-05', 1100, 2, 2200, 191, NULL, 2, 2, 1, '2023-10-04 20:20:36', NULL, '2023-10-04 20:20:36'),
(63, 12, 35, NULL, NULL, NULL, 0, 510, '2023-10-05', 1100, 2, 2200, 189, NULL, 1, 4, 1, '2023-10-04 20:28:55', NULL, '2023-10-04 20:28:55'),
(64, 12, 35, NULL, NULL, NULL, 0, 510, '2023-10-05', 1100, 2, 2200, 191, NULL, 2, 2, 1, '2023-10-04 20:28:55', NULL, '2023-10-04 20:28:55'),
(65, 0, 36, NULL, NULL, NULL, 0, 511, '2023-10-05', 830, 2, 1660, 116, NULL, 2, 2, 1, '2023-10-04 20:37:30', NULL, '2023-10-04 20:37:30'),
(66, 9, NULL, NULL, NULL, 1, 3, 5, '2023-10-05', 4025, 2, 8200, 93, NULL, 1, 3, 1, '2023-10-04 21:22:31', NULL, '2023-10-04 21:22:31'),
(67, 9, NULL, NULL, NULL, 2, 3, 5, '2023-10-05', 4025, 1, 4100, 94, NULL, 1, 3, 1, '2023-10-04 21:57:51', NULL, '2023-10-04 21:57:51'),
(68, 0, 38, NULL, NULL, NULL, 0, 511, '2023-10-06', 830, 2, 1660, 118, NULL, 2, 2, 1, '2023-10-05 19:54:47', NULL, '2023-10-05 19:54:47'),
(69, 0, 38, NULL, NULL, NULL, 0, 511, '2023-10-06', 830, 2, 1660, 116, NULL, 1, 4, 1, '2023-10-05 19:57:38', NULL, '2023-10-05 19:57:38'),
(70, 0, 38, NULL, NULL, NULL, 0, 511, '2023-10-06', 830, 2, 1660, 118, NULL, 2, 2, 1, '2023-10-05 19:57:38', NULL, '2023-10-05 19:57:38'),
(71, 0, 38, NULL, NULL, NULL, 0, 511, '2023-10-06', 830, 2, 1660, 116, NULL, 1, 4, 1, '2023-10-05 19:58:58', NULL, '2023-10-05 19:58:58'),
(72, 0, 38, NULL, NULL, NULL, 0, 511, '2023-10-06', 830, 2, 1660, 118, NULL, 2, 2, 1, '2023-10-05 19:58:58', NULL, '2023-10-05 19:58:58'),
(73, 9, NULL, NULL, 11, NULL, 0, 5, '2023-10-06', 4025, 2, 8200, 92, NULL, 2, 2, 1, '2023-10-05 20:34:53', NULL, '2023-10-05 20:34:53'),
(74, 9, 39, NULL, NULL, NULL, 0, 5, '2023-10-06', 4025, 1, 4025, 93, NULL, 2, 2, 1, '2023-10-05 20:42:03', NULL, '2023-10-05 20:42:03');

-- --------------------------------------------------------

--
-- Table structure for table `vendor_transactions`
--

DROP TABLE IF EXISTS `vendor_transactions`;
CREATE TABLE IF NOT EXISTS `vendor_transactions` (
  `id` bigint(20) UNSIGNED NOT NULL AUTO_INCREMENT,
  `client_id` bigint(20) UNSIGNED NOT NULL,
  `debit` double(8,2) DEFAULT NULL,
  `credit` double(8,2) DEFAULT NULL,
  `remarks` text DEFAULT NULL,
  `created_at` timestamp NULL DEFAULT NULL,
  `updated_at` timestamp NULL DEFAULT NULL,
  PRIMARY KEY (`id`),
  KEY `transactions_client_id_foreign` (`client_id`)
) ENGINE=InnoDB DEFAULT CHARSET=utf8mb4 COLLATE=utf8mb4_unicode_ci;
COMMIT;

/*!40101 SET CHARACTER_SET_CLIENT=@OLD_CHARACTER_SET_CLIENT */;
/*!40101 SET CHARACTER_SET_RESULTS=@OLD_CHARACTER_SET_RESULTS */;
/*!40101 SET COLLATION_CONNECTION=@OLD_COLLATION_CONNECTION */;
